<?xml version="1.0" encoding="UTF-8"?>
<configuration>

	<appender name="FILE"
		class="ch.qos.logback.core.rolling.RollingFileAppender">
		
		<file>/data/odelogs/derulesengine/derulesengine.log</file>
		
		<!-- for local log 
		<file>/Users/mohamad/logs/ode.log</file> 
		-->
		
		<rollingPolicy
			class="ch.qos.logback.core.rolling.TimeBasedRollingPolicy">
			<fileNamePattern>/data/odelogs/derulesengine/derulesengine.log.%d{yyyy-MM-dd}.%i.log.gz
			</fileNamePattern>
			<timeBasedFileNamingAndTriggeringPolicy
				class="ch.qos.logback.core.rolling.SizeAndTimeBasedFNATP">
				<maxFileSize>50MB</maxFileSize>
			</timeBasedFileNamingAndTriggeringPolicy>
			<maxHistory>30</maxHistory>
		</rollingPolicy>

		<!-- <encoder>
			<pattern>%d{yyyy-MM-dd HH:mm:ss.SSS} [%level] [%thread]
				[%logger:%line] %msg%n
			</pattern>
		</encoder> -->
		<encoder
			class="ch.qos.logback.classic.encoder.PatternLayoutEncoder">
			<Pattern>%d %X %p %C{1.} [%t] %m%n</Pattern>
		</encoder>
	</appender>

	<!-- <appender name="STDOUT"
		class="ch.qos.logback.core.ConsoleAppender">
		<encoder>
			<pattern>%d{yyyy-MM-dd HH:mm:ss.SSS} [%level] [%thread]
				[%logger:%line] %msg%n
			</pattern>
		</encoder> 
	</appender> -->
		<appender name="STDOUT"
		class="ch.qos.logback.core.ConsoleAppender">
		<layout class="ch.qos.logback.classic.PatternLayout">
			<Pattern>
				%black(%d{ISO8601}) %highlight(%-5level) [%blue(%t)] %yellow(%C{1.}): %msg%n%throwable
			</Pattern>
		</layout>
	</appender>


	<logger name="org.springframework" level="INFO" />
	<logger name="com.ode.exchange.re" level="INFO, DEBUG"></logger>
	<logger name="org.hibernate" level="DEBUG" />


	<root level="INFO">
		<appender-ref ref="STDOUT" />
		<appender-ref ref="FILE" />
	</root>

</configuration>