<?xml version="1.0" encoding="UTF-8"?>
<keys>
   <key>
       <keyId>001</keyId>
	   <keyString>decryptme</keyString>
	   <algorithm>PBEWithSHA1AndRC4_128</algorithm>
	   <effectiveDate>01/01/2000</effectiveDate>
	   <expiryDate>02/16/2018</expiryDate>
   </key>
   <key>
      <keyId>002</keyId>
      <keyString>l45k3matpyx0x6fi2esu</keyString>
	  <algorithm>PBEWithHmacSHA256AndAES_256</algorithm>
      <effectiveDate>02/16/2018</effectiveDate>
      <expiryDate>01/01/2019</expiryDate>
   </key>
   <key>
      <keyId>003</keyId>
      <keyString>5haqjwza1njfy3lmnjdm</keyString>
	  <algorithm>PBEWithHmacSHA256AndAES_256</algorithm>
      <effectiveDate>01/01/2019</effectiveDate>
      <expiryDate>07/01/2019</expiryDate>
   </key>
   <key>
      <keyId>004</keyId>
      <keyString>o7h7z49fg05dygj448g6</keyString>
	  <algorithm>PBEWithHmacSHA256AndAES_256</algorithm>
      <effectiveDate>07/01/2019</effectiveDate>
      <expiryDate>01/01/2020</expiryDate>
   </key>
   <key>
      <keyId>005</keyId>
      <keyString>1fpmes83fkv32ng4u3z4</keyString>
	  <algorithm>PBEWithHmacSHA256AndAES_256</algorithm>
      <effectiveDate>01/01/2020</effectiveDate>
      <expiryDate>07/01/2020</expiryDate>
   </key>
   <key>
      <keyId>006</keyId>
      <keyString>jkbxpacgpnpgj2qovq4w</keyString>
	  <algorithm>PBEWithHmacSHA256AndAES_256</algorithm>
      <effectiveDate>07/01/2020</effectiveDate>
      <expiryDate>01/01/2021</expiryDate>
   </key>
   <key>
      <keyId>007</keyId>
      <keyString>bwu9jenu3ga9b7tqcfqw</keyString>
	  <algorithm>PBEWithHmacSHA256AndAES_256</algorithm>
      <effectiveDate>01/01/2021</effectiveDate>
      <expiryDate>07/01/2021</expiryDate>
   </key>
   <key>
      <keyId>008</keyId>
      <keyString>3gh83ade3v0kmpw4s5jx</keyString>
	  <algorithm>PBEWithHmacSHA256AndAES_256</algorithm>
      <effectiveDate>07/01/2021</effectiveDate>
      <expiryDate>01/01/2022</expiryDate>
   </key>
   <key>
      <keyId>009</keyId>
      <keyString>zildsl89b7ih87jituzy</keyString>
	  <algorithm>PBEWithHmacSHA256AndAES_256</algorithm>
      <effectiveDate>01/01/2022</effectiveDate>
      <expiryDate>07/01/2022</expiryDate>
   </key>
   <key>
      <keyId>010</keyId>
      <keyString>gn08qacll3e7a4fgxhp9</keyString>
	  <algorithm>PBEWithHmacSHA256AndAES_256</algorithm>
      <effectiveDate>07/01/2022</effectiveDate>
      <expiryDate>01/01/2023</expiryDate>
   </key>
   <key>
      <keyId>011</keyId>
      <keyString>u67hj8lup1spej6ncnzi</keyString>
	  <algorithm>PBEWithHmacSHA256AndAES_256</algorithm>
      <effectiveDate>01/01/2023</effectiveDate>
      <expiryDate>07/01/2023</expiryDate>
   </key>
   <key>
      <keyId>012</keyId>
      <keyString>m2eh6a7rbmpg7pvtemdh</keyString>
	  <algorithm>PBEWithHmacSHA256AndAES_256</algorithm>
      <effectiveDate>07/01/2023</effectiveDate>
      <expiryDate>01/01/2024</expiryDate>
   </key>
   <key>
      <keyId>013</keyId>
      <keyString>au703qsy46z53jwaqzlz</keyString>
	  <algorithm>PBEWithHmacSHA256AndAES_256</algorithm>
      <effectiveDate>01/01/2024</effectiveDate>
      <expiryDate>07/01/2024</expiryDate>
   </key>
   <key>
      <keyId>014</keyId>
      <keyString>rhq37mr9qihyqpmckppz</keyString>
	  <algorithm>PBEWithHmacSHA256AndAES_256</algorithm>
      <effectiveDate>07/01/2024</effectiveDate>
      <expiryDate>01/01/2025</expiryDate>
   </key>
   <key>
      <keyId>015</keyId>
      <keyString>y4rmq2fccdvwyizacprc</keyString>
	  <algorithm>PBEWithHmacSHA256AndAES_256</algorithm>
      <effectiveDate>01/01/2025</effectiveDate>
      <expiryDate>07/01/2025</expiryDate>
   </key>
   <key>
      <keyId>016</keyId>
      <keyString>igs1k6gp2gjfmgmd6jj3</keyString>
	  <algorithm>PBEWithHmacSHA256AndAES_256</algorithm>
      <effectiveDate>07/01/2025</effectiveDate>
      <expiryDate>01/01/2026</expiryDate>
   </key>
   <key>
      <keyId>017</keyId>
      <keyString>z1706by2tyfmpo9c1hs7</keyString>
	  <algorithm>PBEWithHmacSHA256AndAES_256</algorithm>
      <effectiveDate>01/01/2026</effectiveDate>
      <expiryDate>07/01/2026</expiryDate>
   </key>
   <key>
      <keyId>018</keyId>
      <keyString>qykv8hnqui8bvjmho5lp</keyString>
	  <algorithm>PBEWithHmacSHA256AndAES_256</algorithm>
      <effectiveDate>07/01/2026</effectiveDate>
      <expiryDate>01/01/2027</expiryDate>
   </key>
   <key>
      <keyId>019</keyId>
      <keyString>vyk3gzhdkh9xntf0nnsv</keyString>
	  <algorithm>PBEWithHmacSHA256AndAES_256</algorithm>
      <effectiveDate>01/01/2027</effectiveDate>
      <expiryDate>07/01/2027</expiryDate>
   </key>
   <key>
      <keyId>020</keyId>
      <keyString>tofg0hg9nxwn426be2aa</keyString>
	  <algorithm>PBEWithHmacSHA256AndAES_256</algorithm>
      <effectiveDate>07/01/2027</effectiveDate>
      <expiryDate>01/01/2028</expiryDate>
   </key>
</keys>