<?xml version="1.0" encoding="UTF-8"?>
<keys>
   <key>
       <keyId>001</keyId>
	   <keyString>decryptme</keyString>
	   <algorithm>PBEWithSHA1AndRC4_128</algorithm>
	   <effectiveDate>01/01/2000</effectiveDate>
	   <expiryDate>01/10/2018</expiryDate>
   </key>
   <key>
      <keyId>002</keyId>
      <keyString>brqub5vxyiuc609erxia</keyString>
	  <algorithm>PBEWithHmacSHA256AndAES_256</algorithm>
      <effectiveDate>01/10/2018</effectiveDate>
      <expiryDate>01/01/2019</expiryDate>
   </key>
   <key>
      <keyId>003</keyId>
      <keyString>h07ftihrqmygg4p0m5w6</keyString>
	  <algorithm>PBEWithHmacSHA256AndAES_256</algorithm>
      <effectiveDate>01/01/2019</effectiveDate>
      <expiryDate>07/01/2019</expiryDate>
   </key>
   <key>
      <keyId>004</keyId>
      <keyString>8tffrqyw3otyi4zdq221</keyString>
	  <algorithm>PBEWithHmacSHA256AndAES_256</algorithm>
      <effectiveDate>07/01/2019</effectiveDate>
      <expiryDate>01/01/2020</expiryDate>
   </key>
   <key>
      <keyId>005</keyId>
      <keyString>tqt2rmo7irj7olxriqkd</keyString>
	  <algorithm>PBEWithHmacSHA256AndAES_256</algorithm>
      <effectiveDate>01/01/2020</effectiveDate>
      <expiryDate>07/01/2020</expiryDate>
   </key>
   <key>
      <keyId>006</keyId>
      <keyString>afm6eqlqzvu0f2yo4y6u</keyString>
	  <algorithm>PBEWithHmacSHA256AndAES_256</algorithm>
      <effectiveDate>07/01/2020</effectiveDate>
      <expiryDate>01/01/2021</expiryDate>
   </key>
   <key>
      <keyId>007</keyId>
      <keyString>qflmhnn5571vj4oqzwhj</keyString>
	  <algorithm>PBEWithHmacSHA256AndAES_256</algorithm>
      <effectiveDate>01/01/2021</effectiveDate>
      <expiryDate>07/01/2021</expiryDate>
   </key>
   <key>
      <keyId>008</keyId>
      <keyString>ukq3nsz1f0peveh1gxd8</keyString>
	  <algorithm>PBEWithHmacSHA256AndAES_256</algorithm>
      <effectiveDate>07/01/2021</effectiveDate>
      <expiryDate>01/01/2022</expiryDate>
   </key>
   <key>
      <keyId>009</keyId>
      <keyString>cj88pyfo17otkyw8917e</keyString>
	  <algorithm>PBEWithHmacSHA256AndAES_256</algorithm>
      <effectiveDate>01/01/2022</effectiveDate>
      <expiryDate>07/01/2022</expiryDate>
   </key>
   <key>
      <keyId>010</keyId>
      <keyString>td7a2m67ognjx63pyxx4</keyString>
	  <algorithm>PBEWithHmacSHA256AndAES_256</algorithm>
      <effectiveDate>07/01/2022</effectiveDate>
      <expiryDate>01/01/2023</expiryDate>
   </key>
   <key>
      <keyId>011</keyId>
      <keyString>sr6azak39z498ghlthlb</keyString>
	  <algorithm>PBEWithHmacSHA256AndAES_256</algorithm>
      <effectiveDate>01/01/2023</effectiveDate>
      <expiryDate>07/01/2023</expiryDate>
   </key>
   <key>
      <keyId>012</keyId>
      <keyString>3gns5fdsfq6q9jcf0eax</keyString>
	  <algorithm>PBEWithHmacSHA256AndAES_256</algorithm>
      <effectiveDate>07/01/2023</effectiveDate>
      <expiryDate>01/01/2024</expiryDate>
   </key>
   <key>
      <keyId>013</keyId>
      <keyString>ntyyknddj2gg4nm3pdra</keyString>
	  <algorithm>PBEWithHmacSHA256AndAES_256</algorithm>
      <effectiveDate>01/01/2024</effectiveDate>
      <expiryDate>07/01/2024</expiryDate>
   </key>
   <key>
      <keyId>014</keyId>
      <keyString>bhzwx06bzsgl2lzb6z8w</keyString>
	  <algorithm>PBEWithHmacSHA256AndAES_256</algorithm>
      <effectiveDate>07/01/2024</effectiveDate>
      <expiryDate>01/01/2025</expiryDate>
   </key>
   <key>
      <keyId>015</keyId>
      <keyString>i68ajac3ln4j6720en9y</keyString>
	  <algorithm>PBEWithHmacSHA256AndAES_256</algorithm>
      <effectiveDate>01/01/2025</effectiveDate>
      <expiryDate>07/01/2025</expiryDate>
   </key>
   <key>
      <keyId>016</keyId>
      <keyString>35bkdy97t96ivmon1fcj</keyString>
	  <algorithm>PBEWithHmacSHA256AndAES_256</algorithm>
      <effectiveDate>07/01/2025</effectiveDate>
      <expiryDate>01/01/2026</expiryDate>
   </key>
   <key>
      <keyId>017</keyId>
      <keyString>ll33i3qifezoseuljbpv</keyString>
	  <algorithm>PBEWithHmacSHA256AndAES_256</algorithm>
      <effectiveDate>01/01/2026</effectiveDate>
      <expiryDate>07/01/2026</expiryDate>
   </key>
   <key>
      <keyId>018</keyId>
      <keyString>dkg49wnuhwbloa56wpz0</keyString>
	  <algorithm>PBEWithHmacSHA256AndAES_256</algorithm>
      <effectiveDate>07/01/2026</effectiveDate>
      <expiryDate>01/01/2027</expiryDate>
   </key>
   <key>
      <keyId>019</keyId>
      <keyString>8ih7o6rbhso26mk1gro5</keyString>
	  <algorithm>PBEWithHmacSHA256AndAES_256</algorithm>
      <effectiveDate>01/01/2027</effectiveDate>
      <expiryDate>07/01/2027</expiryDate>
   </key>
   <key>
      <keyId>020</keyId>
      <keyString>9petd5ehzak8zby0jv23</keyString>
	  <algorithm>PBEWithHmacSHA256AndAES_256</algorithm>
      <effectiveDate>07/01/2027</effectiveDate>
      <expiryDate>01/01/2028</expiryDate>
   </key>
</keys>