<?xml version="1.0" encoding="UTF-8"?>
<Configuration status="DEBUG" monitorInterval="30">
    <Appenders>
        <RollingFile name="RollingFile" fileName="/data/odelogs/LP/LP.log" filePattern="/data/odelogs/LP/LP-%d{MM-dd-yyyy}-%i.log" immediateFlush="false" append="false">
            <PatternLayout>
                <Pattern>%d{yyyy-MM-dd HH:mm:ss.SSS} [%t] %-5level [%X] %logger{36} %L %M - %msg%n</Pattern>
            </PatternLayout>
            <Policies>
                <TimeBasedTriggeringPolicy interval="1" modulate="true"/>
                <SizeBasedTriggeringPolicy size="10MB"/>
            </Policies>
            <DefaultRolloverStrategy max="5"/>
        </RollingFile>
    </Appenders>
    <Loggers>
        <Root level="DEBUG" includeLocation="true">
            <AppenderRef ref="RollingFile"/>
        </Root>
    </Loggers>
</Configuration> 
