<?xml version="1.0" encoding="UTF-8"?>
<Messages xmlns="http://CreditGateWay/Ecommerce/Services" xmlns:xsi="http://www.w3.org/2001/XMLSchema-instance" xsi:schemaLocation="http://CreditGateWay/Ecommerce/Services /CreditGateWay/Rev1.0/Messages/Message.xsd">
	<Message name="Success">
		<description lang="en">Operation Successful</description>
		<id>I0000</id>
		<overrideind>false</overrideind>
		<eventviewerind>true</eventviewerind>
		<traceind>true</traceind>
		<loggingtype>info</loggingtype>
	</Message>
	<Message name="TransactionStarted">
		<description lang="en">Transaction Started</description>
		<id>I0010</id>
		<overrideind>false</overrideind>
		<eventviewerind>true</eventviewerind>
		<traceind>true</traceind>
		<loggingtype>info</loggingtype>
	</Message>
	<Message name="TransactionEnded">
		<description lang="en">Transaction Ended</description>
		<id>I0020</id>
		<overrideind>false</overrideind>
		<eventviewerind>true</eventviewerind>
		<traceind>true</traceind>
		<loggingtype>info</loggingtype>
	</Message>
	<Message name="ProcessStarted">
		<description lang="en">Process Started</description>
		<id>I0030</id>
		<overrideind>false</overrideind>
		<eventviewerind>true</eventviewerind>
		<traceind>true</traceind>
		<loggingtype>info</loggingtype>
	</Message>
	<Message name="ProcessEnded">
		<description lang="en">Process Ended</description>
		<id>I0040</id>
		<overrideind>false</overrideind>
		<eventviewerind>true</eventviewerind>
		<traceind>true</traceind>
		<loggingtype>info</loggingtype>
	</Message>
	<Message name="ProcessInfo">
		<description lang="en">Process Info</description>
		<id>I0050</id>
		<overrideind>false</overrideind>
		<eventviewerind>true</eventviewerind>
		<traceind>true</traceind>
		<loggingtype>info</loggingtype>
	</Message>
	<Message name="AppRecordNotFoundException">
		<description lang="en">Subscriber Info Not Found</description>
		<id>E1000</id>
		<overrideind>false</overrideind>
		<eventviewerind>true</eventviewerind>
		<traceind>true</traceind>
		<loggingtype>info</loggingtype>
	</Message>
	<Message name="AppDocumentNotFoundException">
		<description lang="en">Document Not Found</description>
		<id>E1100</id>
		<overrideind>false</overrideind>
		<eventviewerind>true</eventviewerind>
		<traceind>true</traceind>
		<loggingtype>info</loggingtype>
	</Message>
	<Message name="XmlException">
		<description lang="en">Invalid XML</description>
		<id>E2000</id>
		<overrideind>false</overrideind>
		<eventviewerind>true</eventviewerind>
		<traceind>true</traceind>
		<loggingtype>error</loggingtype>
	</Message>
	<Message name="XmlTransformerException">
		<description lang="en">XML Transformation Error</description>
		<id>E2500</id>
		<overrideind>false</overrideind>
		<eventviewerind>true</eventviewerind>
		<traceind>true</traceind>
		<loggingtype>error</loggingtype>
	</Message>
	<Message name="AppException">
		<description lang="en">Runtime Exception</description>
		<id>E3000</id>
		<overrideind>false</overrideind>
		<eventviewerind>true</eventviewerind>
		<traceind>true</traceind>
		<loggingtype>error</loggingtype>
	</Message>
	<Message name="AppRulesValidationException">
		<description lang="en">Rules Validation Exception</description>
		<id>E3100</id>
		<overrideind>false</overrideind>
		<eventviewerind>true</eventviewerind>
		<traceind>true</traceind>
		<loggingtype>error</loggingtype>
	</Message>
	<Message name="NetException">
		<description lang="en">Network Error</description>
		<id>E7000</id>
		<overrideind>false</overrideind>
		<eventviewerind>true</eventviewerind>
		<traceind>true</traceind>
		<loggingtype>error</loggingtype>
	</Message>	
	<Message name="AppHttpException">
		<description lang="en">Error Connecting to Destination</description>
		<id>E7001</id>
		<overrideind>true</overrideind>
		<eventviewerind>true</eventviewerind>
		<traceind>true</traceind>
		<loggingtype>error</loggingtype>
	</Message>
	<Message name="SocketTimeOut">
		<description lang="en">Connection Timeout</description>
		<id>E7100</id>
		<overrideind>false</overrideind>
		<eventviewerind>true</eventviewerind>
		<traceind>true</traceind>
		<loggingtype>error</loggingtype>
	</Message>
	<Message name="AppBeanCreationException">
		<description lang="en">Application Exception</description>
		<id>E8000</id>
		<overrideind>false</overrideind>
		<eventviewerind>true</eventviewerind>
		<traceind>true</traceind>
		<loggingtype>error</loggingtype>
	</Message>
	<Message name="AppSQLException">
		<description lang="en">Database Error</description>
		<id>E9000</id>
		<overrideind>true</overrideind>
		<eventviewerind>true</eventviewerind>
		<traceind>true</traceind>
		<loggingtype>error</loggingtype>
	</Message>
</Messages>
