<soapenv:Envelope xmlns:soapenv="http://schemas.xmlsoap.org/soap/envelope/"
    xmlns:xsd="http://www.w3.org/2001/XMLSchema">
    <soapenv:Header xmlns:SOAP-SEC="http://schemas.xmlsoap.org/soap/security/2000-12">
        <payloadManifest xmlns="http://www.starstandards.org/webservices/2005/10/transport">
            <manifest contentID="Content0" element="ProcessCreditContract"
                namespaceURI="http://www.starstandards.org/STAR" />
        </payloadManifest>
    </soapenv:Header>
    <soapenv:Body>
        <PutMessage xmlns="http://www.starstandards.org/webservices/2005/10/transport">
            <payload xmlns:xalan="http://xml.apache.org/xslt"
                xmlns:soap="http://schemas.xmlsoap.org/soap/envelope/">
                <content id="Content0">
                    <ProcessCreditContract environment="Production" lang="en-US"
                        release="8.1-Lite" xmlns="http://www.starstandards.org/STAR"
                        xmlns:xsi="http://www.w3.org/2001/XMLSchema-instance">
                        <ApplicationArea>
                            <Sender>
                                <LogicalId>www.adp.com</LogicalId>
                                <Component>Contract Validation</Component>
                                <Task>CreditContract</Task>
                                <ReferenceId>VCI943L</ReferenceId>
                                <AuthorizationId>csr</AuthorizationId>
                                <CreatorNameCode>0N</CreatorNameCode>
                                <SenderNameCode>AD</SenderNameCode>
                                <SenderURI>100.82.224.25</SenderURI>
                                <DealerNumber>999851</DealerNumber>
                                <StoreNumber>999851</StoreNumber>
                                <AreaNumber>JOAN-FI</AreaNumber>
                            </Sender>
                            <CreationDateTime>2017-08-29T05:19:46-04:00</CreationDateTime>
                            <BODId>VCI00V2DETest6</BODId>
                            <Destination>
                                <DestinationNameCode>OD</DestinationNameCode>
                                <DestinationSoftwareCode></DestinationSoftwareCode>
                                <LocationId>https://fieldtest.staging.adpcreditsolutions.com</LocationId>
                                <ServiceId>/fieldtest/index/contract_decision</ServiceId>
                            </Destination>
                        </ApplicationArea>
                        <DataArea>
                            <Process acknowledge="Always" confirm="Always"></Process>
                            <CreditContract>
                                <Header>
                                    <DocumentDateTime>2017-08-29T05:19:46-04:00</DocumentDateTime>
                                    <DocumentId>sgade-116</DocumentId>
                                    <ContractFormNumber>553-FL-ARB</ContractFormNumber>
                                    <FinanceType>L</FinanceType>
                                    <ApplicationType>IN</ApplicationType>
                                    <ApplicationNumber>80003561</ApplicationNumber>
                                    <ContractExecutionState>FL</ContractExecutionState>
                                    <ProductType>Standard</ProductType>
                                    <ContractFormRevisionDate>2014-05-01</ContractFormRevisionDate>
                                    <DealId>VCIDET5</DealId>
                                </Header>
                                <FinanceCompany>
                                    <PartyId>VCI</PartyId>
                                </FinanceCompany>
                                <Dealer>
                                    <PartyId>405242</PartyId>
                                    <DealerName>FOSTER MOTORS</DealerName>
                                    <Address>
                                        <AddressLine>111 SE MAIN</AddressLine>
                                        <City>MIAMI</City>
                                        <County>MIAMI-DADE</County>
                                        <StateOrProvince>FL</StateOrProvince>
                                        <Country>US</Country>
                                        <PostalCode>33055</PostalCode>
                                    </Address>
                                    <DBAName>FOSTER MOTORS</DBAName>
                                </Dealer>
                                <IndividualApplicant>
                                    <PartyId>8</PartyId>
                                    <AlternatePartyIds>
                                        <Id>987654321</Id>
                                        <AssigningPartyId>NationalId</AssigningPartyId>
                                    </AlternatePartyIds>
                                    <PersonName>
                                        <GivenName>FRITZ</GivenName>
                                        <MiddleName>MAX</MiddleName>
                                        <FamilyName>SMART</FamilyName>
                                    </PersonName>
                                    <Address qualifier="HomeAddress">
                                        <AddressLine>7890 West 9th Ave</AddressLine>
                                        <AddressLine>suite 200</AddressLine>
                                        <City>Miami</City>
                                        <County>MIAMI-DADE</County>
                                        <StateOrProvince>FL</StateOrProvince>
                                        <Country>US</Country>
                                        <PostalCode>33055</PostalCode>
                                    </Address>
                                    <Address qualifier="Billing">
                                        <AddressLine>7890 West 9th Ave</AddressLine>
                                        <AddressLine>suite 200</AddressLine>
                                        <City>Miami</City>
                                        <County>MIAMI-DADE</County>
                                        <StateOrProvince>FL</StateOrProvince>
                                        <Country>US</Country>
                                        <PostalCode>33055</PostalCode>
                                    </Address>
                                    <Address qualifier="Garage">
                                        <AddressLine>7890 West 9th Ave</AddressLine>
                                        <AddressLine>suite 200</AddressLine>
                                        <City>Miami</City>
                                        <County>MIAMI-DADE</County>
                                        <StateOrProvince>FL</StateOrProvince>
                                        <Country>US</Country>
                                        <PostalCode>33055</PostalCode>
                                    </Address>
                                    <Contact>
                                        <Telephone desc="Evening Phone">9787410201</Telephone>
                                        <Telephone desc="Day Phone">9787410201</Telephone>
                                    </Contact>
                                    <Demographics>
                                        <BirthDate>1979-12-31</BirthDate>
                                    </Demographics>
                                </IndividualApplicant>
                                <CreditVehicle>
                                    <Model></Model>
                                    <ModelYear>2017</ModelYear>
                                    <ModelDescription>PASSAT</ModelDescription>
                                    <Make>VOLKSWAGEN</Make>
                                    <SaleClass>New</SaleClass>
                                    <CertifiedPreownedInd>0</CertifiedPreownedInd>
                                    <VehicleNote>4dr Sdn 1.8T Sport</VehicleNote>
                                    <VIN>1VWAT7A3XHC011589</VIN>
                                    <DeliveryMileage uom="M">5</DeliveryMileage>
                                    <VehicleStock>104</VehicleStock>
                                    <BodyStyle>4dr Sdn 1.8T Sport</BodyStyle>
                                    <ExteriorColor>RED</ExteriorColor>
                                    <Pricing>
                                        <VehiclePrice currency="USD">23580.00</VehiclePrice>
                                        <VehiclePricingType>Invoice</VehiclePricingType>
                                    </Pricing>
                                    <Pricing>
                                        <VehiclePrice currency="USD">23580.00</VehiclePrice>
                                        <VehiclePricingType>Selling Price</VehiclePricingType>
                                    </Pricing>
                                    <Pricing>
                                        <VehiclePrice currency="USD">23580.00</VehiclePrice>
                                        <VehiclePricingType>Taxable Selling Price</VehiclePricingType>
                                    </Pricing>
                                    <Pricing>
                                        <VehiclePrice currency="USD">23580.00</VehiclePrice>
                                        <VehiclePricingType>MSRP</VehiclePricingType>
                                    </Pricing>
                                    <CollateralType></CollateralType>
                                    <AuctionInd>0</AuctionInd>
                                    <VehicleUse>Personal</VehicleUse>
                                </CreditVehicle>
                                <Financing>
                                    <ContractDate>2017-08-29</ContractDate>
                                    <ContractTerm length="Months">60</ContractTerm>
                                    <BaseVehicleCashPrice currency="USD">23580.00</BaseVehicleCashPrice>
                                    <TotalDownPaymentAmount currency="USD">0</TotalDownPaymentAmount>
                                    <UnpaidBalance currency="USD">23580.00</UnpaidBalance>
                                    <AmountFinanced currency="USD">23662.95</AmountFinanced>
                                    <FederalTILDisclosures>
                                        <AnnualPercentageRate>4.15</AnnualPercentageRate>
                                        <FinanceCharge currency="USD">2624.85</FinanceCharge>
                                        <TotalOfPayments currency="USD">26287.80</TotalOfPayments>
                                        <TotalSalePrice currency="USD">26287.80</TotalSalePrice>
                                        <FirstPaymentDate>2017-10-13</FirstPaymentDate>
                                        <PaymentSchedule>
                                            <NumberOfPayments>60</NumberOfPayments>
                                            <PaymentAmount currency="USD">438.13</PaymentAmount>
                                            <TimeBetweenPayments period="MO">1</TimeBetweenPayments>
                                            <ScheduleStartDate>2017-10-13</ScheduleStartDate>
                                        </PaymentSchedule>
                                    </FederalTILDisclosures>
                                    <ProgramsAndRates>
                                        <NetAnnualPercentageRate>2.00</NetAnnualPercentageRate>
                                        <FinalPaymentDate>2022-09-13</FinalPaymentDate>
                                        <SpecialProgramDetail>
                                            <SpecialProgramDescription>Special Program</SpecialProgramDescription>
                                            <SpecialPrograms>V1700-02R</SpecialPrograms>
                                        </SpecialProgramDetail>
                                        <BaseInterestRate>4.1500</BaseInterestRate>
                                    </ProgramsAndRates>
                                    <Fee>
                                        <FeeType>DocumentaryStampFee</FeeType>
                                        <FeeDescription>DocumentaryStampFee</FeeDescription>
                                        <FeeAmount currency="USD">82.95</FeeAmount>
                                        <CapitalizedFeeInd>1</CapitalizedFeeInd>
                                        <TaxabilityInd>0</TaxabilityInd>
                                    </Fee>
                                    <BaseResidualAmount currency="USD">23580</BaseResidualAmount>
                                </Financing>
                            </CreditContract>
                        </DataArea>
                    </ProcessCreditContract>
                </content>
            </payload>
        </PutMessage>
    </soapenv:Body>
</soapenv:Envelope>