<?xml version='1.0' encoding='UTF-8'?>
<jboss-deployment-structure
	xmlns="urn:jboss:deployment-structure:1.1">
	<deployment>
		<exclusions>
			<module name="com.fasterxml.jackson.core.jackson-annotations" />
			<module name="com.fasterxml.jackson.core.jackson-core" />
			<module name="com.fasterxml.jackson.core.jackson-databind" />
			<module
				name="com.fasterxml.jackson.datatype.jackson-datatype-jdk8" />
			<module
				name="com.fasterxml.jackson.datatype.jackson-datatype-jsr310" />
			<module
				name="com.fasterxml.jackson.jaxrs.jackson-jaxrs-json-provider" />
			<module name="org.jboss.resteasy.resteasy-jackson2-provider" />
			<module name="org.slf4j" />
		</exclusions>
		<dependencies>
			<module name="org.apache.xalan" services="import" />
		</dependencies>
	</deployment>
</jboss-deployment-structure>