<?xml version="1.0" encoding="ISO-8859-1"?>    
        <soap:Envelope xmlns:soap="http://schemas.xmlsoap.org/soap/envelope/" xmlns:proc="http://www.starstandards.org/STAR/processcreditcontract" xmlns:trans="http://www.starstandards.org/webservices/2005/10/transport" xmlns:xsi="http://www.w3.org/2001/XMLSchema-instance" xmlns:xsd="http://www.w3.org/2001/XMLSchema" xmlns="http://www.starstandards.org/STAR" xmlns:xalan="http://xml.apache.org/xslt" xmlns:soapenv="http://schemas.xmlsoap.org/soap/envelope/" xmlns:soapenc="http://schemas.xmlsoap.org/soap/encoding/" xmlns:s="http://www.starstandards.org/STAR" xmlns:p="http://CreditGateWay/Ecommerce/Services/CreditApps"><soap:Header><payloadManifest xmlns="http://www.starstandards.org/webservices/2005/10/transport"><manifest contentID="Content0" namespaceURI="http://www.starstandards.org/STAR" element="ProcessCreditContract" version="2.01"/></payloadManifest></soap:Header><soap:Body><ProcessMessage xmlns="http://www.starstandards.org/webservices/2005/10/transport"><payload><content id="Content0"><ProcessCreditContract xmlns="http://www.starstandards.org/STAR" lang="en-US" revision="3.0.2" environment="Production" release="8.1-Lite" xsi:schemaLocation="http://www.starstandards.org/STAR \STAR\Rev4.4.4\BODs\Standalone\ProcessCreditContract.xsd"><ApplicationArea><Sender><LogicalId xmlns:oa="http://www.openapplications.org/oagis">www.reyrey.com</LogicalId><Component>Contract Validation</Component><Task>CreditContract</Task><ReferenceId xmlns:oa="http://www.openapplications.org/oagis">1954</ReferenceId><AuthorizationId xmlns:oa="http://www.openapplications.org/oagis">SSM</AuthorizationId><CreatorNameCode xmlns:oa="http://www.openapplications.org/oagis">RE</CreatorNameCode><SenderNameCode>OD</SenderNameCode><DealerNumber xmlns:oa="http://www.openapplications.org/oagis">110100800361101</DealerNumber><StoreNumber xmlns:oa="http://www.openapplications.org/oagis">800361769047097</StoreNumber><AreaNumber xmlns:oa="http://www.openapplications.org/oagis">01</AreaNumber></Sender><CreationDateTime>2020-04-09T13:41:53Z</CreationDateTime><BODId xmlns:oa="http://www.openapplications.org/oagis">RE-1954-2020-04-09T13:41:47</BODId><Destination><DestinationNameCode>RO</DestinationNameCode></Destination></ApplicationArea><DataArea><Process acknowledge="Always" confirm="Always"/><CreditContract><Header><DocumentDateTime>2020-04-09T13:41:53Z</DocumentDateTime><DocumentId xmlns:oa="http://www.openapplications.org/oagis">232432924.28.1954</DocumentId><DocumentVersionNumber xmlns:oa="http://www.openapplications.org/oagis">232432924.28.1954.001</DocumentVersionNumber><ContractFormNumber>ECVRETAILSTD0913XX</ContractFormNumber><FinanceType xmlns:oa="http://www.openapplications.org/oagis">R</FinanceType><ApplicationType xmlns:oa="http://www.openapplications.org/oagis">IC</ApplicationType><ApplicationNumber xmlns:oa="http://www.openapplications.org/oagis" desc="Finance Source">01-1-92369680</ApplicationNumber><ContractExecutionState xmlns:oa="http://www.openapplications.org/oagis">TX</ContractExecutionState><ContractNegotiationLanguage xmlns:oa="http://www.openapplications.org/oagis">en-US</ContractNegotiationLanguage><ProductType xmlns:oa="http://www.openapplications.org/oagis">S</ProductType><ContractFormRevisionDate>2013-09-01</ContractFormRevisionDate><DealId xmlns:oa="http://www.openapplications.org/oagis">1954</DealId><SpotDeliveryInd>0</SpotDeliveryInd></Header><FinanceCompany><PartyId xmlns:oa="http://www.openapplications.org/oagis">GMF</PartyId><Name>General Motor Financial</Name></FinanceCompany><Dealer><PartyId/><DealerName xmlns:oa="http://www.openapplications.org/oagis">DPECON SB1101</DealerName><Address><AddressLine xmlns:oa="http://www.openapplications.org/oagis">1 REYNOLDS WAY</AddressLine><City xmlns:oa="http://www.openapplications.org/oagis">KILLEEN</City><County xmlns:oa="http://www.openapplications.org/oagis">BELL</County><StateOrProvince xmlns:oa="http://www.openapplications.org/oagis">TX</StateOrProvince><Country xmlns:oa="http://www.openapplications.org/oagis">US</Country><PostalCode xmlns:oa="http://www.openapplications.org/oagis">77001</PostalCode></Address><PreferredLanguage xmlns:oa="http://www.openapplications.org/oagis">en-US</PreferredLanguage><DBAName>DPECON SB1101</DBAName></Dealer><IndividualApplicant><AlternatePartyIds xmlns:oa="http://www.openapplications.org/oagis">
                            <Id>879654321</Id>
                            <AssigningPartyId>NationalId</AssigningPartyId>
                        </AlternatePartyIds><PersonName><GivenName xmlns:oa="http://www.openapplications.org/oagis">ELIZABETH</GivenName><MiddleName>T</MiddleName><FamilyName xmlns:oa="http://www.openapplications.org/oagis">FRITZ</FamilyName></PersonName><Address qualifier="HomeAddress"><AddressLine xmlns:oa="http://www.openapplications.org/oagis">61855 WLYUTR AVE</AddressLine><AddressLine xmlns:oa="http://www.openapplications.org/oagis">STE 201</AddressLine><City xmlns:oa="http://www.openapplications.org/oagis">LIVONIA</City><County xmlns:oa="http://www.openapplications.org/oagis">WAYNE</County><StateOrProvince xmlns:oa="http://www.openapplications.org/oagis">MI</StateOrProvince><Country xmlns:oa="http://www.openapplications.org/oagis">US</Country><PostalCode xmlns:oa="http://www.openapplications.org/oagis">48154</PostalCode></Address><Address qualifier="Garage"><AddressLine xmlns:oa="http://www.openapplications.org/oagis">61855 WLYUTR AVE</AddressLine><AddressLine xmlns:oa="http://www.openapplications.org/oagis">STE 201</AddressLine><City xmlns:oa="http://www.openapplications.org/oagis">LIVONIA</City><County xmlns:oa="http://www.openapplications.org/oagis">WAYNE</County><StateOrProvince xmlns:oa="http://www.openapplications.org/oagis">MI</StateOrProvince><Country xmlns:oa="http://www.openapplications.org/oagis">US</Country><PostalCode xmlns:oa="http://www.openapplications.org/oagis">48154</PostalCode></Address><Contact xmlns:oa="http://www.openapplications.org/oagis">
                            <Telephone desc="Evening Phone">7348957895</Telephone>
                            <Telephone desc="Cell Phone">7348959587</Telephone>
                        </Contact><Demographics xmlns:oa="http://www.openapplications.org/oagis">
                            <BirthDate>1990-10-24</BirthDate>
                            <Age>29</Age>
                        </Demographics></IndividualApplicant><Co-Applicant><AlternatePartyIds xmlns:oa="http://www.openapplications.org/oagis">
                            <Id>232345678</Id>
                            <AssigningPartyId>NationalId</AssigningPartyId>
                        </AlternatePartyIds><PersonName><GivenName xmlns:oa="http://www.openapplications.org/oagis">FLOYD</GivenName><MiddleName>F</MiddleName><FamilyName xmlns:oa="http://www.openapplications.org/oagis">MAYS</FamilyName><Suffix xmlns:oa="http://www.openapplications.org/oagis">JR</Suffix></PersonName><Address qualifier="HomeAddress"><AddressLine xmlns:oa="http://www.openapplications.org/oagis">82345 ADDRESS LINE</AddressLine><AddressLine xmlns:oa="http://www.openapplications.org/oagis">STE 201</AddressLine><City xmlns:oa="http://www.openapplications.org/oagis">LIVONIA</City><County xmlns:oa="http://www.openapplications.org/oagis">WAYNE</County><StateOrProvince xmlns:oa="http://www.openapplications.org/oagis">MI</StateOrProvince><Country xmlns:oa="http://www.openapplications.org/oagis">US</Country><PostalCode xmlns:oa="http://www.openapplications.org/oagis">48154</PostalCode></Address><Contact xmlns:oa="http://www.openapplications.org/oagis">
                            <Telephone desc="Evening Phone">2488957895</Telephone>
                            <Telephone desc="Cell Phone">2488959578</Telephone>
                        </Contact><Demographics xmlns:oa="http://www.openapplications.org/oagis">
                            <BirthDate>1985-05-05</BirthDate>
                            <Age>34</Age>
                        </Demographics></Co-Applicant><CreditVehicle><Model xmlns:oa="http://www.openapplications.org/oagis">BLAZER</Model><ModelYear xmlns:oa="http://www.openapplications.org/oagis">2020</ModelYear><ModelDescription>4DR SPORT UTILITY</ModelDescription><Make xmlns:oa="http://www.openapplications.org/oagis">CHEVROLET</Make><SaleClass xmlns:oa="http://www.openapplications.org/oagis">New</SaleClass><VIN xmlns:oa="http://www.openapplications.org/oagis">3GNKBBRAXLS535514</VIN><DeliveryMileage xmlns:oa="http://www.openapplications.org/oagis" uom="M">1000</DeliveryMileage><BodyStyle/><ExteriorColor xmlns:oa="http://www.openapplications.org/oagis">RED</ExteriorColor><Pricing xmlns:oa="http://www.openapplications.org/oagis">
                            <VehiclePrice currency="USD">35600.00</VehiclePrice>
                            <VehiclePricingType>Invoice</VehiclePricingType>
                        </Pricing><Pricing xmlns:oa="http://www.openapplications.org/oagis">
                            <VehiclePrice currency="USD">38000.00</VehiclePrice>
                            <VehiclePricingType>MSRP</VehiclePricingType>
                        </Pricing><Pricing xmlns:oa="http://www.openapplications.org/oagis">
                            <VehiclePrice currency="USD">32300.00</VehiclePrice>
                            <VehiclePricingType>Base MSRP</VehiclePricingType>
                        </Pricing><Pricing><VehiclePrice currency="USD">37000.00</VehiclePrice><VehiclePricingType xmlns:oa="http://www.openapplications.org/oagis">Selling Price</VehiclePricingType></Pricing><CollateralType xmlns:oa="http://www.openapplications.org/oagis">T</CollateralType><VehicleWeight xmlns:oa="http://www.openapplications.org/oagis">3450</VehicleWeight><VehicleUse>Personal</VehicleUse><VehicleOwnership xmlns:oa="http://www.openapplications.org/oagis">Co-Applicant</VehicleOwnership></CreditVehicle><Financing><ContractDate xmlns:oa="http://www.openapplications.org/oagis">2020-04-09</ContractDate><ContractTerm xmlns:oa="http://www.openapplications.org/oagis" length="Months">72</ContractTerm><BaseVehicleCashPrice xmlns:oa="http://www.openapplications.org/oagis" currency="USD">37000.00</BaseVehicleCashPrice><TotalDownPaymentAmount xmlns:oa="http://www.openapplications.org/oagis" currency="USD">0.00</TotalDownPaymentAmount><CashDownPayment xmlns:oa="http://www.openapplications.org/oagis" currency="USD">500.00</CashDownPayment><ManufacturerRebateAmount xmlns:oa="http://www.openapplications.org/oagis" currency="USD">1250.00</ManufacturerRebateAmount><AmountFinanced xmlns:oa="http://www.openapplications.org/oagis" currency="USD">43429.38</AmountFinanced><FederalTILDisclosures><AnnualPercentageRate xmlns:oa="http://www.openapplications.org/oagis">3.90</AnnualPercentageRate><FinanceCharge xmlns:oa="http://www.openapplications.org/oagis" currency="USD">5428.38</FinanceCharge><TotalOfPayments xmlns:oa="http://www.openapplications.org/oagis" currency="USD">48857.76</TotalOfPayments><TotalSalePrice xmlns:oa="http://www.openapplications.org/oagis" currency="USD">50607.76</TotalSalePrice><FirstPaymentDate xmlns:oa="http://www.openapplications.org/oagis">2020-05-24</FirstPaymentDate><PaymentSchedule><NumberOfPayments xmlns:oa="http://www.openapplications.org/oagis">72</NumberOfPayments><PaymentAmount xmlns:oa="http://www.openapplications.org/oagis" currency="USD">678.58</PaymentAmount><PayTerms xmlns:oa="http://www.openapplications.org/oagis">24</PayTerms><TimeBetweenPayments xmlns:oa="http://www.openapplications.org/oagis" period="MO">1</TimeBetweenPayments><ScheduleStartDate xmlns:oa="http://www.openapplications.org/oagis">2020-05-24</ScheduleStartDate></PaymentSchedule></FederalTILDisclosures><ProgramsAndRates><NetAnnualPercentageRate xmlns:oa="http://www.openapplications.org/oagis">3.6000</NetAnnualPercentageRate><LeaseBuyMoneyFactor>3.6000</LeaseBuyMoneyFactor></ProgramsAndRates><Tax><TaxType xmlns:oa="http://www.openapplications.org/oagis">Sales</TaxType><TaxDescription xmlns:oa="http://www.openapplications.org/oagis">Total</TaxDescription><TaxAmount xmlns:oa="http://www.openapplications.org/oagis" currency="USD">1421.88</TaxAmount><TaxRate xmlns:oa="http://www.openapplications.org/oagis">6.25000</TaxRate><TaxTypeId xmlns:oa="http://www.openapplications.org/oagis">ST</TaxTypeId><TaxabilityInd xmlns:oa="http://www.openapplications.org/oagis">0</TaxabilityInd><CapitalizedTaxInd xmlns:oa="http://www.openapplications.org/oagis">1</CapitalizedTaxInd></Tax><Fee><FeeType xmlns:oa="http://www.openapplications.org/oagis">DocumentationFee</FeeType><FeeDescription xmlns:oa="http://www.openapplications.org/oagis">DocumentationFee</FeeDescription><FeeAmount xmlns:oa="http://www.openapplications.org/oagis" currency="USD">50.00</FeeAmount><CapitalizedFeeInd xmlns:oa="http://www.openapplications.org/oagis">1</CapitalizedFeeInd><TaxabilityInd xmlns:oa="http://www.openapplications.org/oagis">0</TaxabilityInd></Fee><Fee><FeeType>LicenseFee</FeeType><FeeDescription>License</FeeDescription><FeeAmount xmlns:oa="http://www.openapplications.org/oagis" currency="USD">118.25</FeeAmount><CapitalizedFeeInd xmlns:oa="http://www.openapplications.org/oagis">1</CapitalizedFeeInd><TaxabilityInd xmlns:oa="http://www.openapplications.org/oagis">0</TaxabilityInd></Fee><Fee><FeeType>TitleFee</FeeType><FeeDescription>Title</FeeDescription><FeeAmount xmlns:oa="http://www.openapplications.org/oagis" currency="USD">28.00</FeeAmount><CapitalizedFeeInd xmlns:oa="http://www.openapplications.org/oagis">1</CapitalizedFeeInd><TaxabilityInd xmlns:oa="http://www.openapplications.org/oagis">0</TaxabilityInd></Fee><Fee><FeeType>TransferFee</FeeType><FeeDescription>Transfer</FeeDescription><FeeAmount xmlns:oa="http://www.openapplications.org/oagis" currency="USD">3.00</FeeAmount><CapitalizedFeeInd xmlns:oa="http://www.openapplications.org/oagis">1</CapitalizedFeeInd><TaxabilityInd xmlns:oa="http://www.openapplications.org/oagis">0</TaxabilityInd></Fee><Fee><FeeType>Other</FeeType><FeeDescription>Mobility</FeeDescription><FeeAmount xmlns:oa="http://www.openapplications.org/oagis" currency="USD">2.50</FeeAmount><CapitalizedFeeInd xmlns:oa="http://www.openapplications.org/oagis">1</CapitalizedFeeInd><TaxabilityInd xmlns:oa="http://www.openapplications.org/oagis">0</TaxabilityInd></Fee><Fee><FeeType>Other</FeeType><FeeDescription>PandHFee</FeeDescription><FeeAmount xmlns:oa="http://www.openapplications.org/oagis" currency="USD">4.75</FeeAmount><CapitalizedFeeInd xmlns:oa="http://www.openapplications.org/oagis">1</CapitalizedFeeInd><TaxabilityInd xmlns:oa="http://www.openapplications.org/oagis">0</TaxabilityInd></Fee><Fee><FeeType>SafetyInspectionFee</FeeType><FeeDescription>Safety</FeeDescription><FeeAmount xmlns:oa="http://www.openapplications.org/oagis" currency="USD">7.00</FeeAmount><CapitalizedFeeInd xmlns:oa="http://www.openapplications.org/oagis">1</CapitalizedFeeInd><TaxabilityInd xmlns:oa="http://www.openapplications.org/oagis">0</TaxabilityInd></Fee><Fee><FeeType>Other</FeeType><FeeDescription>DPS Fee</FeeDescription><FeeAmount xmlns:oa="http://www.openapplications.org/oagis" currency="USD">2.00</FeeAmount><CapitalizedFeeInd xmlns:oa="http://www.openapplications.org/oagis">1</CapitalizedFeeInd><TaxabilityInd xmlns:oa="http://www.openapplications.org/oagis">0</TaxabilityInd></Fee><Fee><FeeType>RoadandBridgeFee</FeeType><FeeDescription>Road and Bridge Fee</FeeDescription><FeeAmount xmlns:oa="http://www.openapplications.org/oagis" currency="USD">23.00</FeeAmount><CapitalizedFeeInd xmlns:oa="http://www.openapplications.org/oagis">1</CapitalizedFeeInd><TaxabilityInd xmlns:oa="http://www.openapplications.org/oagis">0</TaxabilityInd></Fee><Fee><FeeType>DeputyServiceFeePaidToDealer</FeeType><FeeDescription>Deputy</FeeDescription><FeeAmount xmlns:oa="http://www.openapplications.org/oagis" currency="USD">3.00</FeeAmount><CapitalizedFeeInd xmlns:oa="http://www.openapplications.org/oagis">1</CapitalizedFeeInd><TaxabilityInd xmlns:oa="http://www.openapplications.org/oagis">0</TaxabilityInd></Fee><Fee><FeeType>ElectronicFilingFee</FeeType><FeeDescription>Elec Filing</FeeDescription><FeeAmount xmlns:oa="http://www.openapplications.org/oagis" currency="USD">11.00</FeeAmount><CapitalizedFeeInd xmlns:oa="http://www.openapplications.org/oagis">1</CapitalizedFeeInd><TaxabilityInd xmlns:oa="http://www.openapplications.org/oagis">0</TaxabilityInd></Fee><Fee><FeeType>TemporaryTagFee</FeeType><FeeDescription>Temp Tag</FeeDescription><FeeAmount xmlns:oa="http://www.openapplications.org/oagis" currency="USD">5.00</FeeAmount><CapitalizedFeeInd xmlns:oa="http://www.openapplications.org/oagis">1</CapitalizedFeeInd><TaxabilityInd xmlns:oa="http://www.openapplications.org/oagis">0</TaxabilityInd></Fee><Insurance xmlns:oa="http://www.openapplications.org/oagis">
                            <InsuranceType>Vehicle</InsuranceType>
                            <InsuranceCompanyName>ACME INSURANCE</InsuranceCompanyName>
                            <InsuranceAgentName>WYLIE COYOTE</InsuranceAgentName>
                            <Address>
<AddressLine>400 NORTH AVE</AddressLine>
<City>CHICAGO</City>
<StateOrProvince>IL</StateOrProvince>
<Country>US</Country>
<PostalCode>60612</PostalCode>
                            </Address>
                            <Telephone desc="Day Phone">3125390443</Telephone>
                            <PolicyNumber>753951-02</PolicyNumber>
                            <CoverageExpirationDate>2019-01-01</CoverageExpirationDate>
                            <Term length="Months">12</Term>
                            <Premium currency="USD">0.00</Premium>
                            <FinancedInd>1</FinancedInd>
                            <InsideCarrierTypeInd>0</InsideCarrierTypeInd>
                            <TaxabilityInd>0</TaxabilityInd>
                        </Insurance><TradeIn><Model xmlns:oa="http://www.openapplications.org/oagis">MDX</Model><ModelYear xmlns:oa="http://www.openapplications.org/oagis">1996</ModelYear><ModelDescription xmlns:oa="http://www.openapplications.org/oagis">MDX</ModelDescription><Make xmlns:oa="http://www.openapplications.org/oagis">ACURA</Make><TradeInFinancing><FinanceType xmlns:oa="http://www.openapplications.org/oagis">1</FinanceType><BalanceAmount xmlns:oa="http://www.openapplications.org/oagis" currency="USD">19500.00</BalanceAmount><FinanceCompanyName xmlns:oa="http://www.openapplications.org/oagis">CHASE</FinanceCompanyName><NetTradeAllowanceAmount xmlns:oa="http://www.openapplications.org/oagis" currency="USD">-6500.00</NetTradeAllowanceAmount><GrossTradeIn xmlns:oa="http://www.openapplications.org/oagis" currency="USD">13000.00</GrossTradeIn><PriorCreditOrLeaseOwedOnTrade xmlns:oa="http://www.openapplications.org/oagis" currency="USD">4750.00</PriorCreditOrLeaseOwedOnTrade><UpfrontNetTradePayoffAmount xmlns:oa="http://www.openapplications.org/oagis" currency="USD">0.00</UpfrontNetTradePayoffAmount><NumberOfTaxCreditMonths xmlns:oa="http://www.openapplications.org/oagis">0</NumberOfTaxCreditMonths></TradeInFinancing><VIN xmlns:oa="http://www.openapplications.org/oagis">3VWPA81H9TM080816</VIN></TradeIn><TradeIn><Model xmlns:oa="http://www.openapplications.org/oagis">MDX</Model><ModelYear xmlns:oa="http://www.openapplications.org/oagis">1996</ModelYear><ModelDescription xmlns:oa="http://www.openapplications.org/oagis">MDX</ModelDescription><Make xmlns:oa="http://www.openapplications.org/oagis">ACURA</Make><TradeInFinancing><FinanceType xmlns:oa="http://www.openapplications.org/oagis">1</FinanceType><BalanceAmount xmlns:oa="http://www.openapplications.org/oagis" currency="USD">11500.00</BalanceAmount><FinanceCompanyName xmlns:oa="http://www.openapplications.org/oagis">CHASE</FinanceCompanyName><NetTradeAllowanceAmount xmlns:oa="http://www.openapplications.org/oagis" currency="USD">-3500.00</NetTradeAllowanceAmount><GrossTradeIn xmlns:oa="http://www.openapplications.org/oagis" currency="USD">8000.00</GrossTradeIn><PriorCreditOrLeaseOwedOnTrade xmlns:oa="http://www.openapplications.org/oagis" currency="USD">0.00</PriorCreditOrLeaseOwedOnTrade><TradeInSalesTaxCredit xmlns:oa="http://www.openapplications.org/oagis" currency="USD">0.00</TradeInSalesTaxCredit><SalesTaxExemptionAmount xmlns:oa="http://www.openapplications.org/oagis" currency="USD">0.00</SalesTaxExemptionAmount><NumberOfTaxCreditMonths xmlns:oa="http://www.openapplications.org/oagis">0</NumberOfTaxCreditMonths></TradeInFinancing><VIN xmlns:oa="http://www.openapplications.org/oagis">3VWPA81H9TM080816</VIN></TradeIn><TradeIn><Model xmlns:oa="http://www.openapplications.org/oagis">TRAILBLAZER</Model><ModelYear xmlns:oa="http://www.openapplications.org/oagis">2004</ModelYear><ModelDescription xmlns:oa="http://www.openapplications.org/oagis">TRAILBLAZER</ModelDescription><Make xmlns:oa="http://www.openapplications.org/oagis">CHEVROLET</Make><TradeInFinancing><FinanceType xmlns:oa="http://www.openapplications.org/oagis">1</FinanceType><BalanceAmount xmlns:oa="http://www.openapplications.org/oagis" currency="USD">8000.00</BalanceAmount><FinanceCompanyName xmlns:oa="http://www.openapplications.org/oagis">CHASE</FinanceCompanyName><NetTradeAllowanceAmount xmlns:oa="http://www.openapplications.org/oagis" currency="USD">-3000.00</NetTradeAllowanceAmount><GrossTradeIn xmlns:oa="http://www.openapplications.org/oagis" currency="USD">5000.00</GrossTradeIn><TradeInSalesTaxCredit xmlns:oa="http://www.openapplications.org/oagis" currency="USD">0.00</TradeInSalesTaxCredit><SalesTaxExemptionAmount xmlns:oa="http://www.openapplications.org/oagis" currency="USD">0.00</SalesTaxExemptionAmount><NumberOfTaxCreditMonths xmlns:oa="http://www.openapplications.org/oagis">0</NumberOfTaxCreditMonths></TradeInFinancing><VIN xmlns:oa="http://www.openapplications.org/oagis">1GNET16S346103306</VIN></TradeIn></Financing><AdditionalContractAttribute xmlns:oa="http://www.openapplications.org/oagis">
                        <AttributeName>Adjusted GrossTradeIn</AttributeName>
                        <AttributeValue>13000.00</AttributeValue>                    </AdditionalContractAttribute></CreditContract></DataArea></ProcessCreditContract></content></payload></ProcessMessage></soap:Body></soap:Envelope>