<?xml version="1.0" encoding="UTF-8"?>
<beans xmlns="http://www.springframework.org/schema/beans"
	xmlns:xsi="http://www.w3.org/2001/XMLSchema-instance"
	xmlns:p="http://www.springframework.org/schema/p"
	xsi:schemaLocation="
			http://www.springframework.org/schema/aop http://www.springframework.org/schema/aop/spring-aop-2.5.xsd
			http://www.springframework.org/schema/beans http://www.springframework.org/schema/beans/spring-beans-2.5.xsd
			http://www.springframework.org/schema/context http://www.springframework.org/schema/context/spring-context-2.5.xsd
			http://www.springframework.org/schema/jee http://www.springframework.org/schema/jee/spring-jee-2.5.xsd
			http://www.springframework.org/schema/tx http://www.springframework.org/schema/tx/spring-tx-2.5.xsd"
	xmlns:aop="http://www.springframework.org/schema/aop"
	xmlns:tx="http://www.springframework.org/schema/tx"
	xmlns:jee="http://www.springframework.org/schema/jee"
	xmlns:context="http://www.springframework.org/schema/context">

	<description>Application Context for LP JMS Objects.</description>
	<jee:jndi-lookup id="connectionFactory"
		jndi-name="com/ode/jms/qcf" />
	<jee:jndi-lookup id="cdrequestqueue"
		jndi-name="com/adp/dlr/lp/jms/cdrequestqueue" />
	<bean id="jmsTransactionManager"
		class="org.springframework.jms.connection.JmsTransactionManager">
		<property name="connectionFactory" ref="connectionFactory" />
	</bean>
	<bean id="caStringMessageConverter"
		class="com.ode.ca.util.StringMessageConverter" />	
	<bean id="cdjmsTemplate"
		class="org.springframework.jms.core.JmsTemplate">
		<property name="connectionFactory" ref="connectionFactory" />
		<property name="defaultDestination" ref="cdrequestqueue" />
		<property name="messageConverter" ref="caStringMessageConverter" />
	</bean>

</beans>			
