<?xml version="1.0" encoding="UTF-8"?>
<configuration>

	<include
		resource="org/springframework/boot/logging/logback/base.xml" />
	<property name="LOGS" value="/data/odelogs/creditapplication" />

	<appender name="Console"
		class="ch.qos.logback.core.ConsoleAppender">
		<layout class="ch.qos.logback.classic.PatternLayout">
			<Pattern>
				%black(%d{ISO8601}) %highlight(%-5level) [%blue(%t)]
				%yellow(%C{1.}): %msg%n%throwable
			</Pattern>
		</layout>
	</appender>

	<appender name="RollingFile"
		class="ch.qos.logback.core.rolling.RollingFileAppender">
		<file>${LOGS}/creditapplication.log</file>
		<encoder
			class="ch.qos.logback.classic.encoder.PatternLayoutEncoder">
			<Pattern>%d %X %p %C{1.} [%t] %m%n</Pattern>
		</encoder>

		<rollingPolicy
			class="ch.qos.logback.core.rolling.TimeBasedRollingPolicy">
			<!-- rollover daily and when the file reaches 10 MegaBytes -->
			<fileNamePattern>${LOGS}/archived/creditapplication-%d{yyyy-MM-dd}.%i.log
			</fileNamePattern>
			<timeBasedFileNamingAndTriggeringPolicy
				class="ch.qos.logback.core.rolling.SizeAndTimeBasedFNATP">
				<maxFileSize>10MB</maxFileSize>
			</timeBasedFileNamingAndTriggeringPolicy>
		</rollingPolicy>
	</appender>

	<springProfile name="local">
		<!-- LOG everything at ERROR level -->
		<root level="error">
			<appender-ref ref="RollingFile" />
			<appender-ref ref="Console" />
		</root>

		<!-- LOG "com.ode.ca*" at DEBUG level -->
		<logger name="com.ode.ca" level="debug" additivity="false">
			<appender-ref ref="RollingFile" />
			<appender-ref ref="Console" />
		</logger>

		<!-- LOG "com.ode.persistence*" at DEBUG level -->
		<logger name="com.ode.persistence" level="debug"
			additivity="false">
			<appender-ref ref="RollingFile" />
			<appender-ref ref="Console" />
		</logger>

		<logger name="org.apache.xalan.processor" level="debug"
			additivity="false">
			<appender-ref ref="RollingFile" />
			<appender-ref ref="Console" />
		</logger>
	</springProfile>

	<springProfile name="dev,qa,stage,prod">
		<root level="error">
			<appender-ref ref="RollingFile" />
		</root>
		<!-- LOG "com.ode.ca*" at DEBUG level -->
		<logger name="com.ode.ca" level="debug" additivity="false">
			<appender-ref ref="RollingFile" />
		</logger>

		<!-- LOG "com.ode.persistence*" at DEBUG level -->
		<logger name="com.ode.persistence" level="debug"
			additivity="false">
			<appender-ref ref="RollingFile" />
		</logger>

		<logger name="org.apache.xalan.processor" level="debug"
			additivity="false">
			<appender-ref ref="RollingFile" />
		</logger>
	</springProfile>

</configuration>