<soap:Envelope
	xmlns:soap="http://schemas.xmlsoap.org/soap/envelope/"
	xmlns:proc="http://www.starstandards.org/STAR/processcreditcontract"
	xmlns:trans="http://www.starstandards.org/webservices/2005/10/transport"
	xmlns:xsi="http://www.w3.org/2001/XMLSchema-instance"
	xmlns:xsd="http://www.w3.org/2001/XMLSchema"
	xmlns="http://www.starstandards.org/STAR"
	xmlns:xalan="http://xml.apache.org/xslt"
	xmlns:soapenv="http://schemas.xmlsoap.org/soap/envelope/"
	xmlns:soapenc="http://schemas.xmlsoap.org/soap/encoding/"
	xmlns:s="http://www.starstandards.org/STAR"
	xmlns:p="http://CreditGateWay/Ecommerce/Services/CreditApps">
	<soap:Header>
		<payloadManifest
			xmlns="http://www.starstandards.org/webservices/2005/10/transport">
			<manifest contentID="Content0"
				namespaceURI="http://www.starstandards.org/STAR"
				element="ProcessCreditContract" version="2.01" />
		</payloadManifest>
	</soap:Header>
	<soap:Body>
		<ProcessMessage
			xmlns="http://www.starstandards.org/webservices/2005/10/transport">
			<payload>
				<content id="Content0">
					<ProcessCreditContract
						xmlns="http://www.starstandards.org/STAR" lang="en-US"
						revision="3.0.2" environment="Production" release="8.1-Lite"
						xsi:schemaLocation="http://www.starstandards.org/STAR \STAR\Rev4.4.4\BODs\Standalone\ProcessCreditContract.xsd">
						<ApplicationArea>
							<Sender>
								<LogicalId>www.reyrey.com</LogicalId>
								<Component>Contract Validation</Component>
								<Task>CreditContract</Task>
								<ReferenceId>09010926</ReferenceId>
								<AuthorizationId>60002</AuthorizationId>
								<CreatorNameCode>RE</CreatorNameCode>
								<SenderNameCode>OD</SenderNameCode>
								<DealerNumber>041000801880410</DealerNumber>
								<StoreNumber>ERA01SB17000000</StoreNumber>
								<AreaNumber>01</AreaNumber>
							</Sender>
							<CreationDateTime>2020-09-01T09:28:47Z</CreationDateTime>
							<BODId>2020-09-01T09:28:54</BODId>
							<Destination>
								<DestinationNameCode>RO</DestinationNameCode>
							</Destination>
						</ApplicationArea>
						<DataArea>
							<Process acknowledge="Always" confirm="Always" />
							<CreditContract>
								<Header>
									<DocumentDateTime>2020-09-01T09:28:47Z</DocumentDateTime>
									<DocumentId>09010926</DocumentId>
									<ContractFormNumber>ELEASESTD0913XX</ContractFormNumber>
									<FinanceType>L</FinanceType>
									<ApplicationType>IC</ApplicationType>
									<ApplicationNumber desc="Finance Source">09010926
									</ApplicationNumber>
									<ApplicationNumber
										desc="Retail System Provider">09010926</ApplicationNumber>
									<ContractExecutionState>TX</ContractExecutionState>
									<ContractNegotiationLanguage>en-US
									</ContractNegotiationLanguage>
									<ProductType>S</ProductType>
									<ContractFormRevisionDate>2013-09-01</ContractFormRevisionDate>
									<DealId>09010926</DealId>
									<SpotDeliveryInd>1</SpotDeliveryInd>
								</Header>
								<FinanceCompany>
									<PartyId>ALY</PartyId>
									<Name>Ally Financial</Name>
								</FinanceCompany>
								<Dealer>
									<PartyId />
									<DealerName>QA FANDI AND CREDIT SERVICES 4 N 1</DealerName>
									<Address>
										<AddressLine>1 REYNOLDS WAY</AddressLine>
										<City>BRONX</City>
										<County>BRONX</County>
										<StateOrProvince>KY</StateOrProvince>
										<Country>US</Country>
										<PostalCode>10472</PostalCode>
									</Address>
									<PreferredLanguage>en-US</PreferredLanguage>
									<DBAName>QA FANDI AND CREDIT SERVICES 4 N 1</DBAName>
								</Dealer>
								<IndividualApplicant>
									<AlternatePartyIds>
										<Id>963852741</Id>
										<AssigningPartyId>NationalId</AssigningPartyId>
									</AlternatePartyIds>
									<AlternatePartyIds>
										<Id>BLIC123</Id>
										<AssigningPartyId>DriversLicense</AssigningPartyId>
										<ExpirationDate>2016-01-01</ExpirationDate>
									</AlternatePartyIds>
									<PersonName>
										<GivenName>HARRIS</GivenName>
										<MiddleName>J</MiddleName>
										<FamilyName>JENNI</FamilyName>
										<Suffix>SR</Suffix>
									</PersonName>
									<Address qualifier="HomeAddress">
										<AddressLine>910 DATO</AddressLine>
										<AddressLine>SUITE 100</AddressLine>
										<City>BUFFALO</City>
										<County>ERIE</County>
										<StateOrProvince>NY</StateOrProvince>
										<Country>US</Country>
										<PostalCode>14223</PostalCode>
									</Address>
									<Address qualifier="Garage">
										<AddressLine>930 DATO</AddressLine>
										<City>HONOLULU</City>
										<County>Trempealeau</County>
										<StateOrProvince>KY</StateOrProvince>
										<Country>US</Country>
										<PostalCode>48034</PostalCode>
									</Address>
									<Contact>
										<Telephone desc="Evening Phone">9374851111</Telephone>
										<Telephone desc="Day Phone" exten="">9374855555
										</Telephone>
										<Telephone desc="Cell Phone">9374853333</Telephone>
										<EMailAddress desc="Home">BERT@GMAIL.COM</EMailAddress>
									</Contact>
									<Demographics>
										<BirthDate>2001-01-01</BirthDate>
										<Age>34</Age>
									</Demographics>
								</IndividualApplicant>
								<Co-Applicant>
									<AlternatePartyIds>
										<Id>852741963</Id>
										<AssigningPartyId>NationalId</AssigningPartyId>
									</AlternatePartyIds>
									<AlternatePartyIds>
										<Id>CBLIC122</Id>
										<AssigningPartyId>DriversLicense</AssigningPartyId>
										<ExpirationDate>2018-02-02</ExpirationDate>
									</AlternatePartyIds>
									<PersonName>
										<GivenName>JOHN</GivenName>
										<MiddleName>E</MiddleName>
										<FamilyName>HARRIS</FamilyName>
										<Suffix>III</Suffix>
									</PersonName>
									<Address qualifier="HomeAddress">
										<AddressLine>930 DATO</AddressLine>
										<AddressLine>SUITE 300</AddressLine>
										<City>AMHERST</City>
										<County>ERIE</County>
										<StateOrProvince>NY</StateOrProvince>
										<Country>US</Country>
										<PostalCode>14226</PostalCode>
									</Address>
									<Contact>
										<Telephone desc="Evening Phone">9374852222</Telephone>
										<Telephone desc="Day Phone" exten="">9374853333
										</Telephone>
										<EMailAddress desc="Home">GREG@GMAIL.COM</EMailAddress>
									</Contact>
									<Demographics>
										<BirthDate>1982-02-02</BirthDate>
										<Age>33</Age>
									</Demographics>
								</Co-Applicant>
								<CreditVehicle>
									<Model>XC60T6</Model>
									<ModelYear>2015</ModelYear>
									<ModelDescription>XC60 T6 FWD DRIVE-E</ModelDescription>
									<Make>VOLVO</Make>
									<SaleClass>New</SaleClass>
									<VIN>5TESN92N74Z405804</VIN>
									<DeliveryMileage uom="M">1501</DeliveryMileage>
									<BodyStyle>XC60 T6 FWD DRIVE-E</BodyStyle>
									<VehicleNote>XC60 T6 FWD DRIVE-E</VehicleNote>
									<ExteriorColor>ICE WHITE</ExteriorColor>
									<TransmissionType>A</TransmissionType>
									<Pricing>
										<VehiclePrice currency="USD">43075.00</VehiclePrice>
										<VehiclePricingType>Invoice</VehiclePricingType>
									</Pricing>
									<Pricing>
										<VehiclePrice currency="USD">45375.00</VehiclePrice>
										<VehiclePricingType>MSRP</VehiclePricingType>
									</Pricing>
									<Pricing>
										<VehiclePrice currency="USD">45375.00</VehiclePrice>
										<VehiclePricingType>Base MSRP</VehiclePricingType>
									</Pricing>
									<Pricing>
										<VehiclePrice currency="USD">45375.00</VehiclePrice>
										<VehiclePricingType>Final MSRP</VehiclePricingType>
									</Pricing>
									<Pricing>
										<VehiclePrice currency="USD">143075.00</VehiclePrice>
										<VehiclePricingType>Selling Price</VehiclePricingType>
									</Pricing>
									<Pricing>
										<VehiclePrice currency="USD">60541.56</VehiclePrice>
										<VehiclePricingType>Gross Cap Cost</VehiclePricingType>
									</Pricing>
									<Pricing>
										<VehiclePrice currency="USD">54534.22</VehiclePrice>
										<VehiclePricingType>Net Cap Cost</VehiclePricingType>
									</Pricing>
									<Pricing>
										<VehiclePrice currency="USD">57993.50</VehiclePrice>
										<VehiclePricingType>Adjusted Gross Cap Cost
										</VehiclePricingType>
									</Pricing>
									<Pricing>
										<VehiclePrice currency="USD">51986.16</VehiclePrice>
										<VehiclePricingType>Adjusted Net Cap Cost</VehiclePricingType>
									</Pricing>
									<NumberOfEngineCylinders>4</NumberOfEngineCylinders>
									<VehicleWeight>4251</VehicleWeight>
									<VehicleUse>Personal</VehicleUse>
									<EngineType>GAS</EngineType>
									<DealerProducts>
										<DealerProductsType>Other</DealerProductsType>
										<DealerProductsAmount currency="USD">99.00
										</DealerProductsAmount>
										<DealerProductsPaidFor>ETCH</DealerProductsPaidFor>
										<DealerProductsPaidTo>Dealer</DealerProductsPaidTo>
										<DealerProductsCapitalizedInd>1</DealerProductsCapitalizedInd>
									</DealerProducts>
									<DealerProducts>
										<DealerProductsType>Other</DealerProductsType>
										<DealerProductsAmount currency="USD">199.00
										</DealerProductsAmount>
										<DealerProductsPaidFor>SCOTCHGUARD ETCH
										</DealerProductsPaidFor>
										<DealerProductsPaidTo>Dealer</DealerProductsPaidTo>
										<DealerProductsCapitalizedInd>1</DealerProductsCapitalizedInd>
									</DealerProducts>
									<DealerProducts>
										<DealerProductsType>Other</DealerProductsType>
										<DealerProductsAmount currency="USD">299.00
										</DealerProductsAmount>
										<DealerProductsPaidFor>SCOTCHGUARD PAINT PRO
										</DealerProductsPaidFor>
										<DealerProductsPaidTo>Dealer</DealerProductsPaidTo>
										<DealerProductsCapitalizedInd>1</DealerProductsCapitalizedInd>
									</DealerProducts>
									<DealerProducts>
										<DealerProductsType>Other</DealerProductsType>
										<DealerProductsAmount currency="USD">399.00
										</DealerProductsAmount>
										<DealerProductsPaidFor>COBRA ALARMS</DealerProductsPaidFor>
										<DealerProductsPaidTo>Dealer</DealerProductsPaidTo>
										<DealerProductsCapitalizedInd>1</DealerProductsCapitalizedInd>
									</DealerProducts>
									<DealerProducts>
										<DealerProductsType>Other</DealerProductsType>
										<DealerProductsAmount currency="USD">499.00
										</DealerProductsAmount>
										<DealerProductsPaidFor>LOJACK</DealerProductsPaidFor>
										<DealerProductsPaidTo>Dealer</DealerProductsPaidTo>
										<DealerProductsCapitalizedInd>1</DealerProductsCapitalizedInd>
									</DealerProducts>
									<DealerProducts>
										<DealerProductsType>Other</DealerProductsType>
										<DealerProductsAmount currency="USD">85.00
										</DealerProductsAmount>
										<DealerProductsPaidFor>IPOD INSTALL</DealerProductsPaidFor>
										<DealerProductsPaidTo>Dealer</DealerProductsPaidTo>
										<DealerProductsCapitalizedInd>1</DealerProductsCapitalizedInd>
									</DealerProducts>
									<DealerProducts>
										<DealerProductsType>Other</DealerProductsType>
										<DealerProductsAmount currency="USD">22.00
										</DealerProductsAmount>
										<DealerProductsPaidFor>DVD PLAYER</DealerProductsPaidFor>
										<DealerProductsPaidTo>Dealer</DealerProductsPaidTo>
										<DealerProductsCapitalizedInd>1</DealerProductsCapitalizedInd>
									</DealerProducts>
								</CreditVehicle>
								<Financing>
									<ContractDate>2015-07-05</ContractDate>
									<ContractTerm length="Months">36</ContractTerm>
									<BaseVehicleCashPrice currency="USD">143075.00
									</BaseVehicleCashPrice>
									<TotalDownPaymentAmount currency="USD">6007.34
									</TotalDownPaymentAmount>
									<CashDownPayment currency="USD">7281.94
									</CashDownPayment>
									<ManufacturerRebateAmount
										currency="USD">500.00</ManufacturerRebateAmount>
									<AnnualMilesAllowed uom="M">18000
									</AnnualMilesAllowed>
									<ExcessMileageRate currency="USD">0.25
									</ExcessMileageRate>
									<TotalAmtPaidToPublicOfficials
										currency="USD">0.00</TotalAmtPaidToPublicOfficials>
									<FederalTILDisclosures>
										<FinanceCharge currency="USD">2974.68</FinanceCharge>
										<TotalOfPayments currency="USD">43278.94
										</TotalOfPayments>
										<FirstPaymentDate>2015-06-05</FirstPaymentDate>
										<PaymentSchedule>
											<NumberOfPayments>1</NumberOfPayments>
											<PaymentAmount currency="USD">1000</PaymentAmount>
											<PayTerms>15</PayTerms>
											<TimeBetweenPayments period="MO">1
											</TimeBetweenPayments>
											<ScheduleStartDate>2015-06-05</ScheduleStartDate>
											<BasePaymentAmount currency="USD">1000
											</BasePaymentAmount>
										</PaymentSchedule>
										<PaymentSchedule>
											<NumberOfPayments>35</NumberOfPayments>
											<PaymentAmount currency="USD">1000</PaymentAmount>
											<PayTerms>15</PayTerms>
											<TimeBetweenPayments period="MO">1
											</TimeBetweenPayments>
											<ScheduleStartDate>2015-07-05</ScheduleStartDate>
										</PaymentSchedule>
										<LeaseRateMoneyFactor>0.00110</LeaseRateMoneyFactor>
									</FederalTILDisclosures>
									<ProgramsAndRates>
										<NetAnnualPercentageRate>.00034</NetAnnualPercentageRate>
										<BalloonResidualPercentage>50.00</BalloonResidualPercentage>
										<UpfrontMiles uom="M">9000</UpfrontMiles>
										<UpfrontMileageRate currency="USD">0.20
										</UpfrontMileageRate>
										<UpfrontMilesAmount currency="USD">1800.00
										</UpfrontMilesAmount>
										<ContractTermMileage uom="M">54000
										</ContractTermMileage>
										<SpecialProgramDetail>
											<SpecialProgramDescription>Spot Program
											</SpecialProgramDescription>
											<SpecialPrograms>XX01</SpecialPrograms>
										</SpecialProgramDetail>
										<SpecialProgramDetail>
											<SpecialProgramDescription>Additional Security Deposits
											</SpecialProgramDescription>
											<SpecialPrograms>0</SpecialPrograms>
										</SpecialProgramDetail>
										<SpecialProgramDetail>
											<SpecialProgramDescription>Marketing Plan
											</SpecialProgramDescription>
											<SpecialPrograms>CG</SpecialPrograms>
										</SpecialProgramDetail>
										<LeaseBuyMoneyFactor>.00030</LeaseBuyMoneyFactor>
									</ProgramsAndRates>
									<Tax>
										<TaxType>Sales</TaxType>
										<TaxDescription>Sales</TaxDescription>
										<TaxAmount currency="USD">2187.62</TaxAmount>
										<TaxRate>6.00000</TaxRate>
										<TaxabilityInd>0</TaxabilityInd>
										<CapitalizedTaxInd>1</CapitalizedTaxInd>
									</Tax>
									<Tax>
										<TaxType>CapCostReduction</TaxType>
										<TaxDescription>CapCostReduction</TaxDescription>
										<TaxAmount currency="USD">360.44</TaxAmount>
										<TaxRate>6.00000</TaxRate>
										<TaxabilityInd>0</TaxabilityInd>
										<CapitalizedTaxInd>1</CapitalizedTaxInd>
									</Tax>
									<Tax>
										<TaxType>Monthly/Use</TaxType>
										<TaxDescription>Monthly/Use</TaxDescription>
										<TaxAmount currency="USD">0</TaxAmount>
										<TaxRate>6.00000</TaxRate>
										<TaxabilityInd>0</TaxabilityInd>
										<CapitalizedTaxInd>1</CapitalizedTaxInd>
									</Tax>
									<Tax>
										<TaxType>Total Monthly/Use</TaxType>
										<TaxDescription>Monthly/Use</TaxDescription>
										<TaxAmount currency="USD">0</TaxAmount>
										<TaxRate>6.00000</TaxRate>
										<TaxabilityInd>0</TaxabilityInd>
										<CapitalizedTaxInd>1</CapitalizedTaxInd>
									</Tax>
									<Fee>
										<FeeType>PurchaseOptionFee</FeeType>
										<FeeDescription>PurchaseOptionFee</FeeDescription>
										<FeeAmount currency="USD">350.00</FeeAmount>
										<CapitalizedFeeInd>0</CapitalizedFeeInd>
										<TaxabilityInd>0</TaxabilityInd>
									</Fee>
									<Fee>
										<FeeType>DispositionFee</FeeType>
										<FeeDescription>DispositionFee</FeeDescription>
										<FeeAmount currency="USD">350.00</FeeAmount>
										<CapitalizedFeeInd>0</CapitalizedFeeInd>
										<TaxabilityInd>0</TaxabilityInd>
									</Fee>
									<Fee>
										<FeeType>DocumentationFee</FeeType>
										<FeeDescription>DocumentationFee</FeeDescription>
										<FeeAmount currency="USD">39.00</FeeAmount>
										<CapitalizedFeeInd>1</CapitalizedFeeInd>
										<TaxabilityInd>0</TaxabilityInd>
									</Fee>
									<Fee>
										<FeeType>AcquisitionFee</FeeType>
										<FeeDescription>AcquisitionFee</FeeDescription>
										<FeeAmount currency="USD">995.00</FeeAmount>
										<CapitalizedFeeInd>1</CapitalizedFeeInd>
										<TaxabilityInd>0</TaxabilityInd>
									</Fee>
									<Fee>
										<FeeType>TitleFee</FeeType>
										<FeeDescription>Title</FeeDescription>
										<FeeAmount currency="USD">68.00</FeeAmount>
										<CapitalizedFeeInd>1</CapitalizedFeeInd>
										<TaxabilityInd>0</TaxabilityInd>
										<FeePaidTo />
									</Fee>
									<Fee>
										<FeeType>RegistrationFee</FeeType>
										<FeeDescription>Reg</FeeDescription>
										<FeeAmount currency="USD">69.00</FeeAmount>
										<CapitalizedFeeInd>1</CapitalizedFeeInd>
										<TaxabilityInd>0</TaxabilityInd>
										<FeePaidTo />
									</Fee>
									<Fee>
										<FeeType>MotorVehicleInspectionFee</FeeType>
										<FeeDescription>Inspection</FeeDescription>
										<FeeAmount currency="USD">41.00</FeeAmount>
										<CapitalizedFeeInd>1</CapitalizedFeeInd>
										<TaxabilityInd>0</TaxabilityInd>
										<FeePaidTo />
									</Fee>
									<Fee>
										<FeeType>ElectronicFilingFee</FeeType>
										<FeeDescription>Elec Filing</FeeDescription>
										<FeeAmount currency="USD">43.00</FeeAmount>
										<CapitalizedFeeInd>1</CapitalizedFeeInd>
										<TaxabilityInd>0</TaxabilityInd>
										<FeePaidTo />
									</Fee>
									<Fee>
										<FeeType>TireFee</FeeType>
										<FeeDescription>Tire Fee</FeeDescription>
										<FeeAmount currency="USD">12.50</FeeAmount>
										<CapitalizedFeeInd>1</CapitalizedFeeInd>
										<TaxabilityInd>0</TaxabilityInd>
										<FeePaidTo />
									</Fee>
									<Insurance>
										<InsuranceType>Vehicle</InsuranceType>
										<InsuranceCompanyName>ACME INSURANCE COMPANY
										</InsuranceCompanyName>
										<InsuranceAgentName>WYLIE COYOTE</InsuranceAgentName>
										<Address>
											<AddressLine>700 DATO SUITE 700</AddressLine>
											<City>SOUTHFIELD</City>
											<StateOrProvince>MI</StateOrProvince>
											<Country>US</Country>
											<PostalCode>48034</PostalCode>
										</Address>
										<Telephone desc="Day Phone">5554443333</Telephone>
										<PolicyNumber>159753-02</PolicyNumber>
										<CoverageExpirationDate>2015-12-19</CoverageExpirationDate>
										<Term length="Months">12</Term>
										<Premium currency="USD">0.00</Premium>
										<FinancedInd>1</FinancedInd>
										<InsuranceEffectiveDate>2014-12-19</InsuranceEffectiveDate>
										<InsideCarrierTypeInd>0</InsideCarrierTypeInd>
										<TaxabilityInd>0</TaxabilityInd>
									</Insurance>
									<ServiceContract>
										<ContractCompanyName>SERVICE CONTRACT</ContractCompanyName>
										<ContractType>Warranty</ContractType>
										<ContractTermMileage uom="M">24000
										</ContractTermMileage>
										<Term length="Months">24</Term>
										<CustomerSalePrice currency="USD">500.00
										</CustomerSalePrice>
										<FinancedInd>1</FinancedInd>
										<InsideCarrierTypeInd>0</InsideCarrierTypeInd>
										<ServiceContractDescription>MBI</ServiceContractDescription>
									</ServiceContract>
									<ServiceContract>
										<ContractCompanyName>WARRANTY</ContractCompanyName>
										<ContractType>WearAndTear</ContractType>
										<ContractTermMileage uom="M">36000
										</ContractTermMileage>
										<Term length="Months">36</Term>
										<CustomerSalePrice currency="USD">1600.00
										</CustomerSalePrice>
										<FinancedInd>1</FinancedInd>
										<InsideCarrierTypeInd>0</InsideCarrierTypeInd>
										<ServiceContractDescription>VCFS EWU
										</ServiceContractDescription>
									</ServiceContract>
									<ServiceContract>
										<ContractCompanyName>WHEEL AND TIRE</ContractCompanyName>
										<ContractType>TireandWheel</ContractType>
										<ContractTermMileage uom="M">12000
										</ContractTermMileage>
										<Term length="Months">12</Term>
										<CustomerSalePrice currency="USD">249.00
										</CustomerSalePrice>
										<FinancedInd>1</FinancedInd>
										<InsideCarrierTypeInd>0</InsideCarrierTypeInd>
										<ServiceContractDescription>Maintenance
										</ServiceContractDescription>
									</ServiceContract>
									<ServiceContract>
										<ContractCompanyName>MAINTENANCE</ContractCompanyName>
										<ContractType>Maint. Plan</ContractType>
										<ContractTermMileage uom="M">30000
										</ContractTermMileage>
										<Term length="Months">30</Term>
										<CustomerSalePrice currency="USD">600.00
										</CustomerSalePrice>
										<FinancedInd>1</FinancedInd>
										<InsideCarrierTypeInd>0</InsideCarrierTypeInd>
										<ServiceContractDescription>Maintenance
										</ServiceContractDescription>
									</ServiceContract>
									<MaturityDate>2018-06</MaturityDate>
									<SecurityDepositAmount currency="USD">749.00
									</SecurityDepositAmount>
									<DepreciationAndAmortizedAmts
										currency="USD">33946.92</DepreciationAndAmortizedAmts>
									<TotalAmtOfBaseMonthlyPayments
										currency="USD">36921.60</TotalAmtOfBaseMonthlyPayments>
									<TotalEstimatedFeesAndTaxesAmt
										currency="USD">2850.56</TotalEstimatedFeesAndTaxesAmt>
									<ResidualAmount currency="USD">20587.30
									</ResidualAmount>
									<BaseResidualAmount currency="USD">22687.50
									</BaseResidualAmount>
									<FinalPaymentDate>2018-05-05</FinalPaymentDate>
									<TaxExempt>0</TaxExempt>
									<TotalOfMonthlyPaymentsAmount
										currency="USD">36921.60</TotalOfMonthlyPaymentsAmount>
									<TotalDueAtSigningAmount currency="USD">7781.94
									</TotalDueAtSigningAmount>
									<MonthlyDepreciationAmount
										currency="USD">942.97</MonthlyDepreciationAmount>
									<NetCapCostPlusResidualAmount
										currency="USD">75121.52</NetCapCostPlusResidualAmount>
									<PurchaseOptionPrice currency="USD">20587.30
									</PurchaseOptionPrice>
									<MinUnusedPurchaseDistance uom="M">45000
									</MinUnusedPurchaseDistance>
									<MaxUnusedPurchaseDistance uom="M">54000
									</MaxUnusedPurchaseDistance>
									<ServiceChargeAmount currency="USD">2974.68
									</ServiceChargeAmount>
									<GrossProceedsAmount currency="USD">52064.62
									</GrossProceedsAmount>
									<LeaseMaturityDate>2018-06-04</LeaseMaturityDate>
									<CapReductionCashDownpaymentAmt
										currency="USD">6007.34</CapReductionCashDownpaymentAmt>
									<CapReductionMfgRebateAmt
										currency="USD">0.00</CapReductionMfgRebateAmt>
									<CapReductNetTradeDownpymtAmt
										currency="USD">0.00</CapReductNetTradeDownpymtAmt>
									<AdjDepreciationAndAmortizedAmt
										currency="USD">31398.86</AdjDepreciationAndAmortizedAmt>
									<AdjMonthlyDepreciationAmt
										currency="USD">872.19</AdjMonthlyDepreciationAmt>
									<AdjNetCapCostsPlusResidualAmt
										currency="USD">72573.46</AdjNetCapCostsPlusResidualAmt>
									<DemoResidualAdjustmentRate>0.20</DemoResidualAdjustmentRate>
									<DemoResidualAdjustmentAmount
										currency="USD">300.20</DemoResidualAdjustmentAmount>
									<DemoMileage uom="M">1501</DemoMileage>
									<DealerRecourse>
										<DealerRecourseType>Assign without Recourse
										</DealerRecourseType>
									</DealerRecourse>
								</Financing>
							</CreditContract>
						</DataArea>
					</ProcessCreditContract>
				</content>
			</payload>
		</ProcessMessage>
	</soap:Body>
</soap:Envelope>
    
