<?xml version="1.0" encoding="UTF-8"?>
<Configuration status="WARN" monitorInterval="30">
	<Appenders>
		<RollingFile name="RollingFile" fileName="/data/odelogs/dealexchangews-v2/dealexchangews.log" filePattern="/data/odelogs/dealexchangews-v2/dealexchangews-%d{MM-dd-yyyy}-%i.log">
			<PatternLayout>
				<Pattern>%d{yyyy-MM-dd HH:mm:ss.SSS} [%t] %-5level [%X] %logger{36} %L %M - %msg%n</Pattern>
			</PatternLayout>
			<Policies>
				<TimeBasedTriggeringPolicy interval="1" modulate="true"/>
				<SizeBasedTriggeringPolicy size="10 MB"/>
			</Policies>
			<DefaultRolloverStrategy max="5"/>
		</RollingFile>
	</Appenders>
	<Loggers>
		<Root level="TRACE">
			<AppenderRef ref="RollingFile"/>
		</Root>
	</Loggers>
</Configuration>