<?xml version="1.0" encoding="UTF-8"?>
<beans xmlns="http://www.springframework.org/schema/beans"
	xmlns:xsi="http://www.w3.org/2001/XMLSchema-instance"
	xmlns:p="http://www.springframework.org/schema/p"
	xsi:schemaLocation="
			http://www.springframework.org/schema/aop http://www.springframework.org/schema/aop/spring-aop-2.5.xsd
			http://www.springframework.org/schema/beans http://www.springframework.org/schema/beans/spring-beans-2.5.xsd
			http://www.springframework.org/schema/context http://www.springframework.org/schema/context/spring-context-2.5.xsd
			http://www.springframework.org/schema/jee http://www.springframework.org/schema/jee/spring-jee-2.5.xsd
			http://www.springframework.org/schema/tx http://www.springframework.org/schema/tx/spring-tx-2.5.xsd"
	xmlns:aop="http://www.springframework.org/schema/aop"
	xmlns:tx="http://www.springframework.org/schema/tx"
	xmlns:jee="http://www.springframework.org/schema/jee"
	xmlns:context="http://www.springframework.org/schema/context">

	<description>Application Context for LP JMS Objects.</description>
	<jee:jndi-lookup id="connectionFactory"
		jndi-name="com/ode/jms/qcf" />
	<jee:jndi-lookup id="pccqueue"
		jndi-name="com/adp/dlr/lp/jms/lpcvq" />
	<jee:jndi-lookup id="cvrequestqueue"
		jndi-name="com/adp/dlr/lp/jms/cvrequestqueue" />
	<jee:jndi-lookup id="dwQueue"
		jndi-name="com/adp/dlr/lp/jms/lpdwqueue" />
	<jee:jndi-lookup id="cdkReqQueue"
		jndi-name="com/adp/dlr/lp/jms/cdkcloudreqqueue" />
	<jee:jndi-lookup id="cdkRespQueue"
		jndi-name="com/adp/dlr/lp/jms/cdkcloudresqueue" />
	<bean id="jmsTransactionManager"
		class="org.springframework.jms.connection.JmsTransactionManager">
		<property name="connectionFactory" ref="connectionFactory" />
	</bean>
	<bean id="lpwsMessageConverter"
		class="com.ode.cv.util.StringMessageConverter" />
	<bean id="pccjmsTemplate"
		class="org.springframework.jms.core.JmsTemplate">
		<property name="connectionFactory" ref="connectionFactory" />
		<property name="defaultDestination" ref="pccqueue" />
		<property name="messageConverter" ref="lpwsMessageConverter" />
	</bean>
	<bean id="cvjmsTemplate"
		class="org.springframework.jms.core.JmsTemplate">
		<property name="connectionFactory" ref="connectionFactory" />
		<property name="defaultDestination" ref="cvrequestqueue" />
		<property name="messageConverter" ref="lpwsMessageConverter" />
	</bean>
	<bean id="generateEformsJmsTemplate"
		class="org.springframework.jms.core.JmsTemplate">
		<property name="connectionFactory" ref="connectionFactory" />
		<property name="defaultDestination" ref="dwQueue" />
		<property name="messageConverter" ref="lpwsMessageConverter" />
	</bean>
	<bean id="cdkCloudRequestJmsTemplate"
		class="org.springframework.jms.core.JmsTemplate">
		<property name="connectionFactory" ref="connectionFactory" />
		<property name="defaultDestination" ref="cdkReqQueue" />
		<property name="messageConverter" ref="lpwsMessageConverter" />
	</bean>
	<bean id="cdkCloudResponseJmsTemplate"
		class="org.springframework.jms.core.JmsTemplate">
		<property name="connectionFactory" ref="connectionFactory" />
		<property name="defaultDestination" ref="cdkRespQueue" />
		<property name="messageConverter" ref="lpwsMessageConverter" />
	</bean>

</beans>			
