<?xml version="1.0" encoding="UTF-8"?>
<beans xmlns="http://www.springframework.org/schema/beans"
	xmlns:xsi="http://www.w3.org/2001/XMLSchema-instance" xmlns:p="http://www.springframework.org/schema/p"
	xsi:schemaLocation="
			http://www.springframework.org/schema/aop http://www.springframework.org/schema/aop/spring-aop-2.5.xsd
			http://www.springframework.org/schema/beans http://www.springframework.org/schema/beans/spring-beans-2.5.xsd
			http://www.springframework.org/schema/context http://www.springframework.org/schema/context/spring-context-2.5.xsd
			http://www.springframework.org/schema/jee http://www.springframework.org/schema/jee/spring-jee-2.5.xsd
			http://www.springframework.org/schema/tx http://www.springframework.org/schema/tx/spring-tx-2.5.xsd"
	xmlns:aop="http://www.springframework.org/schema/aop" xmlns:tx="http://www.springframework.org/schema/tx"
	xmlns:jee="http://www.springframework.org/schema/jee" xmlns:context="http://www.springframework.org/schema/context">
	<description>
		Application Asynchronous Message Listener context
		configuration
	</description>
	<bean id="CVMdp" class="com.ode.cv.messaging.CVMessageListener"/>
	<bean id="cvjmsContainer"
		class="org.springframework.jms.listener.DefaultMessageListenerContainer">
		<property name="connectionFactory" ref="connectionFactory" />
		<property name="destination" ref="cvrequestqueue" />
		<property name="messageListener" ref="CVMdp" />
		<property name="transactionManager" ref="jmsTransactionManager" />
		<property name="concurrentConsumers" value="1"/>
		<property name="receiveTimeout" value="30000"/>
	</bean>
	
	<bean id="cdkCloudRespMsgListener" class="com.ode.cv.messaging.CdkCloudResponseMessageListener"/>
	<bean id="cdkCloudRespJmsContainer" class="org.springframework.jms.listener.DefaultMessageListenerContainer">
		<property name="connectionFactory" ref="connectionFactory" />
		<property name="destination" ref="cdkRespQueue" />
		<property name="messageListener" ref="cdkCloudRespMsgListener" />
		<property name="transactionManager" ref="jmsTransactionManager" />
		<property name="concurrentConsumers" value="1"/>
		<property name="receiveTimeout" value="30000"/>
	</bean>
</beans>			
