<?xml version="1.0" encoding="UTF-8"?>

<beans xmlns="http://www.springframework.org/schema/beans"
	xmlns:context="http://www.springframework.org/schema/context"
	xmlns:jee="http://www.springframework.org/schema/jee" 
	xmlns:xsi="http://www.w3.org/2001/XMLSchema-instance"
	xsi:schemaLocation="http://www.springframework.org/schema/beans 
        http://www.springframework.org/schema/beans/spring-beans-3.0.xsd
   		http://www.springframework.org/schema/context 
   		http://www.springframework.org/schema/context/spring-context-3.0.xsd
        http://www.springframework.org/schema/jee
        http://www.springframework.org/schema/jee/spring-jee-2.5.xsd">
   	
	<!-- Support for @Component annotations/auto discovery -->
	<context:component-scan base-package="com.ode.*" />   		
		
	<!-- for @Autowired -->
	<context:annotation-config/>
   	
   	<!-- database -->	
 	<jee:jndi-lookup id="dataSource" jndi-name="com/ode/jdbc/sqlserver3/ds"/>
	
	<bean id="jdbcTemplate" class="org.springframework.jdbc.core.simple.SimpleJdbcTemplate">
		<constructor-arg ref="dataSource" />
	</bean>
	
	<!-- properties file -->
	<bean id="properties" class="org.springframework.beans.factory.config.PropertyPlaceholderConfigurer">
    	<property name="location" value="file:/data/ode/eDocs/eDocs.properties"/>
	</bean>
	
		
	<!-- email -->
	<bean id="javaMailSender" class="org.springframework.mail.javamail.JavaMailSenderImpl">
  		<property name="host" value="${email.host}"/>
	</bean>	
	

	
</beans>