<beans xmlns="http://www.springframework.org/schema/beans"
       xmlns:xsi="http://www.w3.org/2001/XMLSchema-instance"
       xmlns:tx="http://www.springframework.org/schema/tx"
	   xmlns:jee="http://www.springframework.org/schema/jee" 
       xsi:schemaLocation="http://www.springframework.org/schema/beans
           http://www.springframework.org/schema/beans/spring-beans-3.0.xsd
            http://www.springframework.org/schema/tx
            http://www.springframework.org/schema/tx/spring-tx-3.1.xsd
        	http://www.springframework.org/schema/jee
        	http://www.springframework.org/schema/jee/spring-jee-2.5.xsd">
 
    <bean id="sessionFactory" class="org.springframework.orm.hibernate4.LocalSessionFactoryBean">
        <property name="dataSource" ref="dataSource"/>
        <property name="packagesToScan" value="com.ode.*" />
         <property name="hibernateProperties">
            <props>
                <prop key="hibernate.dialect">org.hibernate.dialect.SQLServerDialect</prop>
                <prop key="hibernate.show_sql">false</prop>
                <prop key="hibernate.format_sql">false</prop>
                <prop key="hibernate.jdbc.use_scrollable_resultset">true</prop>
                <prop key="hibernate.temp.use_jdbc_metadata_defaults">false</prop>
                <prop key="hibernate.connection.isolation">1</prop>
                <prop key="hibernate.jdbc.batch_size">30</prop> 
            </props>
        </property>
    </bean>
 
    <tx:annotation-driven transaction-manager="transactionManager"/>
 
    <bean id="transactionManager" class="org.springframework.orm.hibernate4.HibernateTransactionManager">
        <property name="sessionFactory" ref="sessionFactory"/>
    </bean>
 
</beans>