<?xml version="1.0" encoding="UTF-8"?>
<ApplicationConfig xmlns="http://www.adp.com/dealerservices/loanprocessing" xmlns:xsi="http://www.w3.org/2001/XMLSchema-instance" xsi:schemaLocation="http://www.adp.com/dealerservices/loanprocessing /data/ode/cv/config/config.xsd">
	<FinanceInstitution id="GENERIC" Name="Generic Lender" multifranchise="true">
		<Franchise id="TEST">TEST</Franchise>
		<CreditContract>
			<Protocol>syn</Protocol>
			<StyleSheetName id="AD">cdk-rules.xsl</StyleSheetName>
			<StyleSheetName id="RR">rr-rules.xsl</StyleSheetName>
			<StyleSheetName id="eDocs">edocs-generic-cv.xsl</StyleSheetName>
			<XpathName Name="systemId">/payload/content/ProcessCreditContract/ApplicationArea/Sender/StoreNumber</XpathName>
			<XpathName Name="dealerName">/payload/content/ProcessCreditContract/DataArea/CreditContract/Dealer/DealerName</XpathName>
			<XpathName Name="dealerId">/payload/content/ProcessCreditContract/ApplicationArea/Sender/DealerNumber</XpathName>
			<XpathName Name="documentId">/payload/content/ProcessCreditContract/ApplicationArea/BODId</XpathName>
			<XpathName Name="financeType">/payload/content/ProcessCreditContract/DataArea/CreditContract/Header/FinanceType</XpathName>
			<XpathName Name="adpdealNo">/payload/content/ProcessCreditContract/ApplicationArea/Sender/ReferenceId</XpathName>
			<XpathName Name="locationId">/payload/content/ProcessCreditContract/ApplicationArea/Destination/LocationId</XpathName>
			<XpathName Name="serviceId">/payload/content/ProcessCreditContract/ApplicationArea/Destination/ServiceId</XpathName>
			<XpathName Name="attachmentZip">/payload/content/attachment/attachmentData</XpathName>
			<XpathName Name="attachmentFileName">/payload/content/attachment/fileName</XpathName>
			<XpathName Name="contractFormNumber">/payload/content/ProcessCreditContract/DataArea/CreditContract/Header/ContractFormNumber</XpathName>
			<XpathName Name="contractFormRevisionDate">/payload/content/ProcessCreditContract/DataArea/CreditContract/Header/ContractFormRevisionDate</XpathName>
			<XpathName Name="contractExecutionState">/payload/content/ProcessCreditContract/DataArea/CreditContract/Header/ContractExecutionState</XpathName>
			<XpathName Name="gccContractExecutionState">/payload/content/GenericCreditContract/contractInfo/dmsData/nvp[name='DealerState']/value</XpathName>
            <XpathName Name="gccSystemId">/payload/content/GenericCreditContract/clientInfo/systemId</XpathName>
			<XpathName Name="gccDealerId">/payload/content/GenericCreditContract/clientInfo/dealerId</XpathName>
			<XpathName Name="gccDocumentId">/payload/content/GenericCreditContract/contractHeader/BODId</XpathName>
			<XpathName Name="gccFinanceType">/payload/content/GenericCreditContract/contractHeader/financeType</XpathName>
			<XpathName Name="gccAdpdealNo">/payload/content/GenericCreditContract/clientInfo/dealNumber</XpathName>
			<XpathName Name="gccResponseUrl">/payload/content/GenericCreditContract/clientInfo/responseUrl</XpathName>
			<XpathName Name="vehicleYear">/payload/content/ProcessCreditContract/DataArea/CreditContract/CreditVehicle/ModelYear</XpathName>
			<XpathName Name="vehicleMake">/payload/content/ProcessCreditContract/DataArea/CreditContract/CreditVehicle/Make</XpathName>
			<XpathName Name="vehicleModel">/payload/content/ProcessCreditContract/DataArea/CreditContract/Financing/ProgramsAndRates/SpecialProgramDetail[SpecialProgramDescription='Model Code']/SpecialPrograms</XpathName>
			<XpathName Name="gccvehicleYear">/payload/content/GenericCreditContract/contractInfo/adpCreditData/nvp[name='Year']/value</XpathName>
			<XpathName Name="gccvehicleMake">/payload/content/GenericCreditContract/contractInfo/adpCreditData/nvp[name='MakeDescription']/value</XpathName>
			<XpathName Name="gccvehicleModel">/payload/content/GenericCreditContract/contractInfo/adpCreditData/nvp[name='vehicleInvoiceModelCode']/value</XpathName>
			<XpathName Name="gccDealerName">/payload/content/GenericCreditContract/contractInfo/dmsData/nvp[name='DealerName']/value</XpathName>
			<Destination id="GMF">
				<Connection method="HTTP">
					<url>http://localhost:8080/RulesEngine/services/ProcessMessage</url>
				</Connection>
			</Destination>
			<Destination id="eDocs">
					<Connection method="HTTP">
						<url>http://localhost:8080/eDocs/distributePacket</url>
					</Connection>
			</Destination>
			<MessageProcessing>dynamicrouting</MessageProcessing>
			<MessageProcessing>rules</MessageProcessing>
			<MessageProcessing>saxon</MessageProcessing>
			<MessageProcessing>gcvProductTranslation</MessageProcessing>
			<MessageProcessing>RFLv4</MessageProcessing>
			<MessageProcessing id="RR">eDocsDistribution</MessageProcessing>
			<MessageProcessing id="AD">generateEForms</MessageProcessing>
			<ConfirmationBOD>
				<Destination id="AD">
					<Connection method="HTTP">
						<url>http://10.50.0.220:8001</url>
					</Connection>
				</Destination>
				<Destination id="RR">
					<Connection method="HTTP">
						<url>http://10.50.0.220:7600/Sync/ODE/STARWebService.ashx</url>
					</Connection>
				</Destination>
				<StyleSheetName id="AD">ad-rules-cv-confirmbod.xsl</StyleSheetName>
				<StyleSheetName id="RR">rr-rules-cv-confirmbod.xsl</StyleSheetName>
				<Parm id="username">StarWebService</Parm>
				<Parm id="password">#st@r36b</Parm>
			</ConfirmationBOD>
		</CreditContract>
		<AckContractResp>
			<StyleSheetName id="AD">ad-rules-cv-accr.xsl</StyleSheetName>
			<StyleSheetName id="RR">rr-rules-cv-accr.xsl</StyleSheetName>
			<Parm id="username">StarWebService</Parm>
			<Parm id="password">#st@r36b</Parm>
			<Destination id="AD">
				<Connection method="HTTP">
					<url>http://10.50.0.220:8001/</url>
				</Connection>
			</Destination>
			<Destination id="RR">
				<Connection method="HTTP">
					<url>http://10.50.0.220:7600/Sync/ODE/STARWebService.ashx</url>
				</Connection>
			</Destination>
		</AckContractResp>
	</FinanceInstitution>
</ApplicationConfig>